,predictions,labels,left_ID,right_ID,datasets
0,0,0,3,13214,8
1,0,0,3,1241,8
2,0,0,3,4377,8
3,0,0,3,1750,8
4,0,0,3,21424,8
5,0,0,3,19571,8
6,0,0,3,14381,8
7,0,0,3,21753,8
8,1,1,3,4378,8
9,0,0,3,11833,8
10,0,0,4,1468,8
11,0,0,4,19374,8
12,0,0,4,3459,8
13,0,0,4,1460,8
14,0,0,4,6708,8
15,0,0,4,14172,8
16,0,0,4,20511,8
17,0,0,14,13109,8
18,0,0,14,1113,8
19,0,0,14,1698,8
20,0,0,14,1117,8
21,0,0,14,15034,8
22,0,0,14,15032,8
23,0,0,14,13616,8
24,0,0,14,20233,8
25,0,0,14,1699,8
26,0,0,14,5067,8
27,0,0,16,11213,8
28,0,0,16,1255,8
29,0,0,16,3234,8
30,0,0,16,1258,8
31,0,0,16,15182,8
32,0,0,16,15180,8
33,0,0,16,13230,8
34,0,0,16,15183,8
35,0,0,16,5191,8
36,0,0,16,9213,8
37,0,0,26,12475,8
38,0,0,26,536,8
39,0,0,26,2502,8
40,1,1,26,537,8
41,0,0,26,18629,8
42,0,0,26,14406,8
43,0,0,26,12976,8
44,0,0,26,20872,8
45,0,0,26,4406,8
46,0,0,26,9822,8
47,0,0,27,9816,8
48,0,0,27,3982,8
49,0,0,27,6064,8
50,0,0,27,4225,8
51,0,0,27,12157,8
52,0,0,27,10111,8
53,0,0,27,14043,8
54,0,0,27,8096,8
55,0,0,27,9437,8
56,1,1,30,11088,8
57,0,0,30,1130,8
58,0,0,30,5091,8
59,0,0,30,5084,8
60,0,0,30,15045,8
61,0,0,30,13118,8
62,0,0,30,11888,8
63,0,0,30,15046,8
64,0,0,30,5875,8
65,0,0,30,7091,8
66,0,0,34,6200,8
67,0,0,34,1033,8
68,0,0,34,1037,8
69,0,0,34,1034,8
70,0,0,34,14920,8
71,0,0,34,13622,8
72,0,0,34,9095,8
73,0,0,34,21456,8
74,0,0,34,3067,8
75,0,0,34,4966,8
76,0,0,42,14059,8
77,0,1,42,172,8
78,0,0,42,5460,8
79,0,0,42,1502,8
80,0,0,42,20516,8
81,0,0,42,15438,8
82,0,0,42,15437,8
83,0,0,42,21992,8
84,0,0,42,7477,8
85,0,0,42,9270,8
86,0,0,53,14687,8
87,0,0,53,286,8
88,0,0,53,806,8
89,0,0,53,805,8
90,1,1,53,17892,8
91,0,0,53,17837,8
92,0,0,53,17561,8
93,0,0,53,18507,8
94,0,0,53,2819,8
95,0,0,53,9734,8
96,1,1,54,6572,8
97,0,0,54,649,8
98,0,0,54,2612,8
99,0,0,54,752,8
100,0,0,54,19790,8
101,0,0,54,10562,8
102,0,0,54,10554,8
103,0,0,54,21552,8
104,0,0,54,2623,8
105,0,0,54,6566,8
106,0,0,64,14520,8
107,0,0,64,2299,8
108,1,1,64,8391,8
109,0,0,64,2487,8
110,0,0,64,18372,8
111,0,0,64,15740,8
112,0,0,64,15314,8
113,0,0,64,18874,8
114,0,0,64,12725,8
115,0,0,64,14347,8
116,0,0,88,17220,8
117,0,0,88,279,8
118,0,0,88,13313,8
119,0,0,88,3269,8
120,0,0,88,18980,8
121,0,0,88,18292,8
122,0,0,88,17910,8
123,0,0,88,21220,8
124,0,0,88,14360,8
125,0,0,88,16670,8
126,0,0,90,12473,8
127,0,0,90,530,8
128,0,0,90,10124,8
129,0,0,90,6437,8
130,0,0,90,20646,8
131,0,0,90,18943,8
132,0,0,90,14400,8
133,0,1,90,21917,8
134,0,0,90,10463,8
135,0,0,90,12472,8
136,0,0,97,14745,8
137,0,0,97,2858,8
138,0,0,97,6783,8
139,0,0,97,5402,8
140,0,0,97,21005,8
141,0,0,97,19575,8
142,1,1,97,15904,8
143,0,0,97,21940,8
144,0,0,97,12838,8
145,0,0,97,14743,8
146,0,0,101,6538,8
147,0,0,101,622,8
148,1,1,101,2593,8
149,0,0,101,627,8
150,0,0,101,18955,8
151,0,0,101,10615,8
152,0,0,101,8607,8
153,0,0,101,21551,8
154,0,0,101,2594,8
155,0,0,101,4498,8
156,1,1,107,12090,8
157,0,0,107,4076,8
158,0,0,107,7407,8
159,0,0,107,4082,8
160,0,0,107,20888,8
161,0,0,107,19719,8
162,0,0,107,13383,8
163,0,0,107,21076,8
164,0,0,107,8098,8
165,0,0,107,12087,8
166,0,0,119,15244,8
167,0,0,119,1300,8
168,0,0,119,7294,8
169,0,0,119,3290,8
170,0,0,119,20772,8
171,0,0,119,19076,8
172,0,0,119,15245,8
173,0,0,119,21976,8
174,0,0,119,8084,8
175,0,0,119,9282,8
176,0,0,134,11481,8
177,0,0,134,188,8
178,0,0,134,3741,8
179,1,1,134,3740,8
180,0,0,134,15709,8
181,0,0,134,15708,8
182,0,0,134,11760,8
183,0,0,134,16128,8
184,0,0,134,5580,8
185,0,0,134,9519,8
186,0,0,136,12581,8
187,0,0,136,613,8
188,0,0,136,2577,8
189,1,1,136,2576,8
190,0,0,136,19688,8
191,0,0,136,14485,8
192,0,0,136,14079,8
193,0,0,136,20325,8
194,0,0,136,8425,8
195,0,0,136,12269,8
196,0,0,137,13765,8
197,0,0,137,1862,8
198,0,0,137,1864,8
199,0,0,137,1863,8
200,0,0,137,19728,8
201,0,0,137,13767,8
202,0,0,137,13766,8
203,1,1,137,21120,8
204,0,0,137,3796,8
205,0,0,137,9866,8
206,0,0,138,12105,8
207,0,0,138,1529,8
208,0,0,138,9527,8
209,0,0,138,9517,8
210,0,0,138,15423,8
211,0,0,138,13445,8
212,0,0,138,12808,8
213,0,0,138,19932,8
214,0,0,138,9528,8
215,1,1,138,11468,8
216,0,0,144,9986,8
217,0,0,144,3931,8
218,1,1,144,7970,8
219,0,0,144,6539,8
220,0,0,144,12589,8
221,0,0,144,12588,8
222,0,0,144,12347,8
223,0,0,144,21639,8
224,0,0,144,7976,8
225,0,0,144,9985,8
226,0,0,147,20597,8
227,0,0,147,2233,8
228,0,0,147,2244,8
229,0,0,147,2234,8
230,0,0,147,21752,8
231,0,0,147,21379,8
232,1,1,147,21192,8
233,0,0,147,22064,8
234,0,0,147,8300,8
235,0,0,147,16599,8
236,0,0,151,10353,8
237,0,0,151,18,8
238,0,0,151,3145,8
239,1,1,151,691,8
240,0,0,151,14577,8
241,0,0,151,11070,8
242,0,0,151,10633,8
243,0,0,151,19193,8
244,0,0,151,5082,8
245,0,0,151,6619,8
246,0,0,157,17704,8
247,1,1,157,16205,8
248,0,0,157,16729,8
249,0,0,157,16501,8
250,0,0,157,20385,8
251,0,0,157,18587,8
252,0,0,157,18325,8
253,0,0,157,20960,8
254,0,0,157,17243,8
255,0,0,157,17313,8
256,1,0,159,9709,8
257,0,0,159,3689,8
258,0,0,159,7002,8
259,0,0,159,5664,8
260,0,0,159,20821,8
261,0,0,159,15632,8
262,0,0,159,13652,8
263,0,0,159,21095,8
264,0,0,159,7676,8
265,0,0,159,9708,8
266,0,0,164,11194,8
267,0,0,164,510,8
268,0,0,164,6405,8
269,0,0,164,512,8
270,0,0,164,19230,8
271,1,1,164,18937,8
272,0,0,164,12448,8
273,0,0,164,20642,8
274,0,0,164,8414,8
275,0,0,164,10446,8
276,0,0,168,4308,8
277,0,0,168,434,8
278,0,0,168,3978,8
279,0,0,168,2380,8
280,0,0,168,14287,8
281,0,0,168,12345,8
282,0,0,168,12342,8
283,1,1,168,20286,8
284,0,0,168,4306,8
285,0,0,168,4307,8
286,0,0,172,8364,8
287,0,1,172,1152,8
288,0,0,172,6298,8
289,0,0,172,3198,8
290,0,0,172,15182,8
291,0,0,172,10343,8
292,0,0,172,10340,8
293,0,0,172,21462,8
294,0,0,172,7126,8
295,0,0,172,7803,8
296,1,1,176,4854,8
297,0,0,176,951,8
298,0,0,176,2949,8
299,0,0,176,2944,8
300,0,0,176,14820,8
301,0,0,176,12915,8
302,0,0,176,4855,8
303,0,0,176,19026,8
304,0,0,176,3099,8
305,0,0,176,3638,8
306,0,0,178,12896,8
307,0,0,178,925,8
308,0,0,178,4830,8
309,0,0,178,932,8
310,0,0,178,19579,8
311,0,1,178,19149,8
312,0,0,178,14798,8
313,0,0,178,20725,8
314,0,0,178,10843,8
315,0,0,178,12895,8
316,0,0,180,6261,8
317,0,0,180,1141,8
318,0,0,180,3158,8
319,0,0,180,1142,8
320,0,0,180,10679,8
321,0,0,180,7920,8
322,0,0,180,6865,8
323,0,0,180,21391,8
324,0,0,180,3162,8
325,0,0,180,4670,8
326,0,0,184,15314,8
327,1,1,184,2959,8
328,0,0,184,5560,8
329,0,0,184,3973,8
330,0,0,184,18840,8
331,0,0,184,18620,8
332,0,0,184,18372,8
333,0,0,184,18874,8
334,0,0,184,7664,8
335,0,0,184,13393,8
336,0,0,191,6406,8
337,0,0,191,27,8
338,1,0,191,1243,8
339,0,0,191,1242,8
340,0,0,191,11197,8
341,0,0,191,7208,8
342,0,0,191,7207,8
343,0,0,191,20643,8
344,0,0,191,2961,8
345,0,0,191,5169,8
346,1,1,192,11131,8
347,0,0,192,1175,8
348,0,0,192,7144,8
349,0,0,192,5125,8
350,0,0,192,16315,8
351,0,0,192,15840,8
352,0,0,192,11133,8
353,0,0,192,19880,8
354,0,0,192,7926,8
355,0,0,192,9144,8
356,0,0,199,9554,8
357,0,0,199,3534,8
358,1,1,199,5511,8
359,0,0,199,3535,8
360,0,0,199,20220,8
361,0,0,199,15477,8
362,0,0,199,11537,8
363,0,0,199,21618,8
364,0,0,199,5512,8
365,0,0,199,5514,8
366,0,0,201,9337,8
367,0,0,201,3554,8
368,0,0,201,5536,8
369,0,0,201,5535,8
370,0,0,201,13529,8
371,0,0,201,9573,8
372,0,0,201,9572,8
373,0,0,201,14312,8
374,0,1,201,6828,8
375,0,0,201,7549,8
376,0,0,211,8332,8
377,1,1,211,400,8
378,0,0,211,4281,8
379,0,0,211,2345,8
380,0,0,211,15938,8
381,0,0,211,11991,8
382,0,0,211,10306,8
383,0,0,211,15939,8
384,0,0,211,6270,8
385,0,0,211,6273,8
386,0,0,223,6640,8
387,0,0,223,414,8
388,0,0,223,4295,8
389,0,0,223,3863,8
390,0,0,223,15499,8
391,0,0,223,11996,8
392,0,0,223,9265,8
393,0,0,223,22021,8
394,0,0,223,4476,8
395,0,0,223,5971,8
396,0,0,243,11799,8
397,0,0,243,1831,8
398,0,0,243,6152,8
399,0,0,243,3778,8
400,0,0,243,13747,8
401,0,0,243,13746,8
402,0,0,243,11800,8
403,0,0,243,16134,8
404,0,0,243,7799,8
405,0,0,243,9841,8
406,1,1,259,10734,8
407,0,0,259,8235,8
408,0,0,259,8764,8
409,0,0,259,8450,8
410,0,0,259,19280,8
411,0,0,259,13108,8
412,0,0,259,19566,8
413,0,0,259,8771,8
414,0,0,259,8772,8
415,0,0,263,17696,8
416,0,0,276,9509,8
417,0,0,276,740,8
418,0,0,276,5495,8
419,0,0,276,5052,8
420,0,0,276,16047,8
421,1,1,276,15426,8
422,0,0,276,12104,8
423,0,0,276,20418,8
424,0,0,276,7460,8
425,0,0,276,8117,8
426,0,0,284,10626,8
427,0,0,284,877,8
428,0,1,284,2675,8
429,0,0,284,2228,8
430,0,0,284,14575,8
431,0,0,284,14570,8
432,0,0,284,14569,8
433,0,0,284,19549,8
434,0,0,284,2683,8
435,0,0,284,8652,8
436,0,0,285,15693,8
437,0,0,285,12521,8
438,0,0,286,8940,8
439,0,0,286,15806,8
440,0,0,286,10192,8
441,0,0,286,2240,8
442,0,0,286,13803,8
443,0,0,286,15318,8
444,1,1,286,18626,8
445,0,0,297,11706,8
446,0,0,297,1733,8
447,0,0,297,1739,8
448,0,0,297,1736,8
449,0,0,297,19125,8
450,1,1,297,15653,8
451,0,0,297,15036,8
452,0,0,297,21777,8
453,0,0,297,3705,8
454,0,0,297,3706,8
455,0,0,299,12697,8
456,0,0,299,2727,8
457,0,0,299,10218,8
458,1,1,299,4644,8
459,0,0,299,14621,8
460,0,0,299,12699,8
461,0,0,299,20112,8
462,0,0,299,10664,8
463,0,0,299,10671,8
464,0,0,303,12936,8
465,0,0,303,911,8
466,0,0,303,7644,8
467,0,0,303,6838,8
468,1,1,303,19299,8
469,0,0,303,19081,8
470,0,0,303,14841,8
471,0,0,303,21822,8
472,0,0,303,8938,8
473,0,0,303,9729,8
474,0,0,309,15769,8
475,0,0,309,2848,8
476,0,0,309,11005,8
477,0,0,309,4762,8
478,0,0,309,21386,8
479,1,1,309,19291,8
480,0,0,309,21815,8
481,0,0,309,12826,8
482,0,0,309,12828,8
483,0,0,312,11286,8
484,0,0,312,1332,8
485,0,0,312,3318,8
486,0,0,312,1333,8
487,0,0,312,13298,8
488,0,0,312,11288,8
489,0,0,312,11287,8
490,1,1,312,13299,8
491,0,0,312,5260,8
492,0,0,312,11285,8
493,0,0,320,13393,8
494,0,0,320,4029,8
495,0,0,320,8390,8
496,0,0,320,5431,8
497,0,0,320,16184,8
498,0,0,320,16173,8
499,0,0,320,15247,8
500,0,0,320,18617,8
501,0,0,320,8795,8
502,0,0,320,13088,8
503,0,0,323,12450,8
504,1,1,323,1244,8
505,0,0,323,3224,8
506,0,0,323,2043,8
507,0,0,323,15166,8
508,0,0,323,15165,8
509,0,0,323,12451,8
510,0,0,323,20006,8
511,0,0,323,7211,8
512,0,0,323,9202,8
513,0,0,334,8693,8
514,0,0,334,725,8
515,0,0,334,6657,8
516,0,0,334,2721,8
517,0,0,334,12689,8
518,0,0,334,10662,8
519,1,1,334,10661,8
520,0,0,334,15723,8
521,0,0,334,6658,8
522,0,0,334,6660,8
523,0,0,336,18142,8
524,0,0,336,155,8
525,0,0,336,14380,8
526,1,0,336,7237,8
527,0,0,336,19065,8
528,0,0,336,18769,8
529,0,0,336,18768,8
530,0,1,336,20174,8
531,0,0,336,15185,8
532,0,0,336,17831,8
533,0,0,337,16323,8
534,0,0,337,250,8
535,1,1,337,6115,8
536,0,0,337,4883,8
537,0,0,337,18360,8
538,0,0,337,18357,8
539,0,0,337,17193,8
540,0,0,337,18454,8
541,0,0,337,11148,8
542,0,0,337,15799,8
543,0,0,352,16293,8
544,0,0,352,17477,8
545,0,0,352,16294,8
546,0,0,352,15669,8
547,0,0,352,17005,8
548,0,0,352,17173,8
549,0,0,370,1153,8
550,1,1,370,15071,8
551,0,0,370,7581,8
552,0,0,370,178,8
553,0,0,370,9600,8
554,0,0,370,13846,8
555,0,0,370,21042,8
556,0,0,378,12211,8
557,0,0,378,89,8
558,0,0,378,4671,8
559,0,0,378,4201,8
560,0,0,378,19821,8
561,0,0,378,16907,8
562,0,0,378,14639,8
563,1,1,378,21690,8
564,0,0,378,6694,8
565,0,0,378,10880,8
566,0,0,382,6533,8
567,0,0,382,614,8
568,0,0,382,2582,8
569,0,0,382,615,8
570,0,0,382,12586,8
571,1,1,382,12582,8
572,0,0,382,8594,8
573,0,0,382,20373,8
574,0,0,382,2583,8
575,0,0,382,2584,8
576,0,0,411,9920,8
577,0,0,411,3073,8
578,0,0,411,4991,8
579,0,0,411,3844,8
580,0,0,411,20452,8
581,0,0,411,19599,8
582,0,0,411,19309,8
583,0,0,411,21952,8
584,0,0,411,7005,8
585,0,0,411,9919,8
586,0,0,416,12289,8
587,0,0,416,4263,8
588,0,0,416,5955,8
589,0,0,416,5954,8
590,1,1,416,19475,8
591,0,0,416,15928,8
592,0,0,416,21150,8
593,0,0,416,10276,8
594,0,0,416,12285,8
595,0,0,428,9016,8
596,0,0,428,1044,8
597,0,0,428,1899,8
598,0,0,428,1329,8
599,0,0,428,10588,8
600,0,0,428,9911,8
601,0,0,428,9095,8
602,0,0,428,14938,8
603,0,0,428,6989,8
604,0,1,428,6990,8
605,0,0,429,7266,8
606,0,0,429,30,8
607,0,0,429,3275,8
608,1,1,429,3273,8
609,0,0,429,15215,8
610,0,0,429,13256,8
611,0,0,429,11237,8
612,0,0,429,21844,8
613,0,0,429,5216,8
614,0,0,429,7263,8
615,0,0,443,1232,8
616,0,0,461,17768,8
617,0,0,461,7121,8
618,0,0,461,16445,8
619,0,0,461,11121,8
620,0,0,461,18388,8
621,0,0,461,18386,8
622,0,0,461,17769,8
623,1,1,461,18389,8
624,0,0,461,16755,8
625,0,0,461,16858,8
626,0,0,464,8059,8
627,0,0,464,14006,8
628,0,0,464,8061,8
629,0,0,464,6020,8
630,0,0,464,10075,8
631,0,0,464,12055,8
632,0,0,468,8479,8
633,0,0,468,18940,8
634,0,0,468,8480,8
635,0,0,468,2492,8
636,0,0,468,10707,8
637,0,0,468,12463,8
638,0,1,468,20645,8
639,0,0,474,13198,8
640,0,0,474,1225,8
641,0,0,474,5163,8
642,0,0,474,5158,8
643,0,0,474,13201,8
644,0,0,474,13200,8
645,0,0,474,13199,8
646,1,1,474,18529,8
647,0,0,474,5893,8
648,0,0,474,11175,8
649,0,0,479,3355,8
650,0,0,479,2655,8
651,0,0,479,4905,8
652,0,0,479,14557,8
653,0,0,479,19088,8
654,0,0,479,6060,8
655,0,0,479,12633,8
656,0,0,479,16604,8
657,0,0,482,11167,8
658,0,0,482,3196,8
659,0,0,482,8431,8
660,0,0,482,5141,8
661,0,0,482,21465,8
662,0,0,482,20468,8
663,0,0,482,13840,8
664,0,0,482,21966,8
665,0,0,482,9166,8
666,0,0,482,11157,8
667,0,0,491,9545,8
668,0,0,491,2206,8
669,0,0,491,8347,8
670,0,0,491,6287,8
671,0,0,491,16106,8
672,0,0,491,15658,8
673,0,0,491,11715,8
674,1,1,491,19957,8
675,0,0,491,8350,8
676,0,0,491,9227,8
677,0,0,500,6504,8
678,0,0,500,587,8
679,0,0,500,2553,8
680,0,0,500,1572,8
681,1,1,500,12544,8
682,0,0,500,8567,8
683,0,0,500,8565,8
684,0,0,500,12550,8
685,0,0,500,3136,8
686,0,0,500,4463,8
687,0,0,510,15321,8
688,0,0,510,164,8
689,0,0,510,3341,8
690,0,0,510,1360,8
691,0,0,510,19916,8
692,0,0,510,18789,8
693,0,0,510,18736,8
694,0,0,510,21982,8
695,0,0,510,5297,8
696,0,0,510,9357,8
697,0,0,518,12120,8
698,1,1,518,2138,8
699,0,0,518,6013,8
700,0,0,518,3542,8
701,0,0,518,16070,8
702,0,0,518,12885,8
703,0,0,518,21163,8
704,0,0,518,11545,8
705,0,0,518,11559,8
706,0,0,537,8767,8
707,1,1,537,790,8
708,0,0,537,5285,8
709,0,0,537,5284,8
710,0,0,537,14670,8
711,0,0,537,12774,8
712,0,0,537,8768,8
713,0,0,537,20712,8
714,0,0,537,6735,8
715,0,0,537,7339,8
716,0,0,539,4932,8
717,0,0,539,19415,8
718,0,0,539,5757,8
719,0,0,539,1564,8
720,0,0,539,9557,8
721,1,1,539,11542,8
722,0,0,539,21161,8
723,0,0,540,9393,8
724,0,0,540,4137,8
725,0,0,540,5333,8
726,0,0,540,5322,8
727,0,0,540,18794,8
728,0,0,540,15330,8
729,0,0,540,11338,8
730,0,0,540,20202,8
731,0,0,540,7374,8
732,1,1,540,9383,8
733,0,0,541,4923,8
734,0,0,541,1001,8
735,1,0,541,1231,8
736,0,0,541,1002,8
737,0,1,541,9189,8
738,0,0,541,8968,8
739,0,0,541,4924,8
740,0,0,541,14882,8
741,0,0,541,3008,8
742,0,0,541,3676,8
743,0,0,544,13668,8
744,0,0,544,2139,8
745,0,0,544,7015,8
746,0,0,544,5674,8
747,0,0,544,19124,8
748,0,0,544,17202,8
749,0,0,544,15649,8
750,0,0,544,19401,8
751,0,0,544,7704,8
752,0,1,544,13664,8
753,0,0,547,15264,8
754,0,0,547,1309,8
755,0,0,547,11275,8
756,0,0,547,1317,8
757,0,0,547,15267,8
758,0,0,547,15266,8
759,0,0,547,15265,8
760,0,0,547,21351,8
761,0,0,547,11276,8
762,0,0,547,13271,8
763,0,0,548,13372,8
764,0,0,548,1419,8
765,0,0,548,9173,8
766,1,1,548,3414,8
767,0,0,548,19369,8
768,0,0,548,15374,8
769,0,0,548,15369,8
770,0,0,548,21359,8
771,0,0,548,11382,8
772,0,0,548,11390,8
773,0,0,555,18712,8
774,0,0,555,6739,8
775,0,0,555,12792,8
776,0,0,555,8777,8
777,0,0,555,19568,8
778,0,1,555,19009,8
779,0,0,555,21995,8
780,0,0,555,13069,8
781,0,0,555,14984,8
782,0,0,573,17889,8
783,0,0,573,7918,8
784,0,0,573,17558,8
785,0,0,573,16964,8
786,0,0,573,18502,8
787,0,0,573,18338,8
788,0,0,573,18337,8
789,0,0,573,20238,8
790,0,0,573,17710,8
791,0,0,573,17888,8
792,0,0,579,7893,8
793,0,0,579,1099,8
794,0,0,579,1101,8
795,0,0,579,1100,8
796,1,1,579,15015,8
797,0,0,579,11054,8
798,0,0,579,9089,8
799,0,0,579,20456,8
800,0,0,579,3127,8
801,0,0,579,3128,8
802,0,0,592,4421,8
803,0,0,592,556,8
804,0,0,592,2520,8
805,0,0,592,2519,8
806,0,0,592,12499,8
807,0,0,592,12495,8
808,0,0,592,8518,8
809,0,0,592,18945,8
810,1,0,592,2521,8
811,0,0,592,2523,8
812,0,0,595,2504,8
813,1,1,595,14869,8
814,0,0,595,3811,8
815,0,0,595,584,8
816,0,0,595,8265,8
817,0,0,595,14858,8
818,0,0,595,14977,8
819,0,0,598,10175,8
820,0,0,598,1657,8
821,0,0,598,3626,8
822,0,0,598,2065,8
823,0,0,598,14091,8
824,0,0,598,14032,8
825,0,0,598,11639,8
826,0,0,598,14107,8
827,0,0,598,7630,8
828,0,0,598,9658,8
829,0,0,604,11249,8
830,0,0,604,1418,8
831,0,0,604,3282,8
832,0,0,604,3138,8
833,1,1,604,15829,8
834,0,0,604,13834,8
835,0,0,604,13258,8
836,0,0,604,20144,8
837,0,0,604,5864,8
838,0,0,604,6878,8
839,0,0,615,11339,8
840,0,0,615,1389,8
841,0,0,615,3365,8
842,0,0,615,1390,8
843,0,0,615,12451,8
844,0,0,615,12450,8
845,0,0,615,11341,8
846,0,0,615,21983,8
847,0,0,615,3366,8
848,0,0,615,9384,8
849,0,0,620,6779,8
850,0,0,620,2171,8
851,0,0,620,4065,8
852,0,0,620,3536,8
853,0,0,620,15475,8
854,0,0,620,14486,8
855,0,0,620,10773,8
856,0,0,620,20130,8
857,0,0,620,4252,8
858,0,0,620,5512,8
859,0,0,624,6023,8
860,0,0,624,2066,8
861,1,1,624,4039,8
862,0,0,624,2068,8
863,0,0,624,15986,8
864,0,0,624,12056,8
865,0,0,624,6024,8
866,0,0,624,15987,8
867,0,0,624,4040,8
868,0,0,624,6022,8
869,1,1,625,18443,8
870,0,0,625,2818,8
871,0,0,625,16333,8
872,0,0,625,8786,8
873,0,0,625,20429,8
874,0,0,625,19011,8
875,0,0,625,18465,8
876,0,0,625,21566,8
877,0,0,625,16598,8
878,0,0,625,17203,8
879,0,0,630,12818,8
880,0,0,630,840,8
881,0,0,630,6770,8
882,0,0,630,2842,8
883,0,0,630,14724,8
884,0,0,630,12821,8
885,0,0,630,12819,8
886,0,0,630,14726,8
887,0,0,630,6771,8
888,1,1,630,12817,8
889,0,0,635,5793,8
890,0,0,635,1854,8
891,0,0,635,3791,8
892,0,0,635,3789,8
893,0,0,635,19975,8
894,0,0,635,15760,8
895,1,1,635,7145,8
896,0,0,635,20588,8
897,0,0,635,4654,8
898,0,0,635,5792,8
899,0,0,637,15174,8
900,0,0,637,3955,8
901,0,0,637,5748,8
902,0,0,637,4184,8
903,1,1,637,15920,8
904,0,0,637,15919,8
905,0,0,637,21294,8
906,0,0,637,6230,8
907,0,0,637,9423,8
908,0,0,647,3641,8
909,0,0,647,1218,8
910,0,0,647,9003,8
911,0,0,647,18293,8
912,0,0,647,20679,8
913,0,0,647,9056,8
914,0,0,647,10590,8
915,0,0,647,18332,8
916,0,0,648,6769,8
917,0,0,648,2841,8
918,0,0,648,4754,8
919,0,0,648,4753,8
920,0,0,648,14723,8
921,0,0,648,14722,8
922,0,0,648,8812,8
923,0,0,648,20128,8
924,0,0,648,4756,8
925,1,1,648,4759,8
926,0,0,649,3417,8
927,0,0,649,20785,8
928,0,0,649,4075,8
929,1,1,649,1427,8
930,0,0,649,5319,8
931,0,0,649,18882,8
932,0,0,649,20887,8
933,0,0,662,17225,8
934,0,0,662,302,8
935,0,0,662,16410,8
936,0,0,662,6615,8
937,0,0,662,20260,8
938,0,0,662,18531,8
939,0,1,662,17258,8
940,0,0,662,20505,8
941,0,0,662,16982,8
942,1,0,662,17223,8
943,0,0,663,11137,8
944,0,0,663,1186,8
945,0,0,663,9145,8
946,1,1,663,7135,8
947,0,0,663,20756,8
948,0,0,663,20465,8
949,0,0,663,19881,8
950,0,0,663,21046,8
951,0,0,663,9150,8
952,0,0,663,11126,8
953,0,0,668,13885,8
954,0,0,668,4421,8
955,0,0,668,5821,8
956,0,0,668,5676,8
957,0,0,668,19070,8
958,0,0,668,15870,8
959,0,0,668,21796,8
960,0,0,668,6458,8
961,0,0,668,10500,8
962,0,0,678,6938,8
963,0,0,678,995,8
964,0,0,678,3000,8
965,0,0,678,2999,8
966,0,0,678,14868,8
967,0,0,678,13802,8
968,1,1,678,8962,8
969,0,0,678,19587,8
970,0,0,678,4916,8
971,0,0,678,6933,8
972,0,0,680,12453,8
973,0,0,680,123,8
974,0,0,680,3958,8
975,1,1,680,843,8
976,0,0,680,19967,8
977,0,0,680,19224,8
978,0,0,680,13348,8
979,0,0,680,21499,8
980,0,0,680,7353,8
981,0,0,680,12334,8
982,0,0,684,17572,8
983,0,0,684,7274,8
984,0,0,684,16258,8
985,0,0,684,15210,8
986,0,0,684,19531,8
987,0,0,684,18086,8
988,1,1,684,17573,8
989,0,0,684,19624,8
990,0,0,684,16401,8
991,0,0,684,16938,8
992,0,0,687,11427,8
993,0,0,687,1465,8
994,0,0,687,5427,8
995,0,0,687,5421,8
996,0,0,687,19097,8
997,0,0,687,16750,8
998,0,0,687,15415,8
999,1,1,687,20212,8
1000,0,0,687,7441,8
1001,0,0,687,8108,8
1002,0,0,690,6855,8
1003,0,0,690,929,8
1004,0,0,690,932,8
1005,0,0,690,930,8
1006,1,1,690,12896,8
1007,0,0,690,11103,8
1008,0,0,690,10843,8
1009,0,0,690,20725,8
1010,0,0,690,4830,8
1011,0,0,690,6058,8
1012,0,0,704,9981,8
1013,0,0,704,21791,8
1014,1,1,704,18206,8
1015,0,0,704,1015,8
1016,0,0,704,20351,8
1017,0,0,704,21668,8
1018,0,0,714,15233,8
1019,0,0,714,6017,8
1020,0,0,714,7289,8
1021,0,0,714,6494,8
1022,0,0,714,19351,8
1023,1,1,714,16478,8
1024,0,0,714,15241,8
1025,0,0,714,20770,8
1026,0,0,714,9279,8
1027,0,0,714,13264,8
1028,0,0,726,5533,8
1029,0,0,726,10508,8
1030,0,0,726,7308,8
1031,0,0,726,4460,8
1032,0,0,726,7960,8
1033,0,0,726,10507,8
1034,0,0,726,19703,8
1035,0,0,734,8033,8
1036,0,0,734,2035,8
1037,0,0,734,3903,8
1038,0,0,734,2495,8
1039,0,0,734,11912,8
1040,0,0,734,11875,8
1041,0,0,734,10047,8
1042,0,0,734,13975,8
1043,0,0,734,4003,8
1044,1,1,734,5991,8
1045,0,0,735,10273,8
1046,0,0,735,2311,8
1047,0,0,735,2445,8
1048,0,0,735,2439,8
1049,0,0,735,12386,8
1050,1,1,735,12273,8
1051,0,0,735,12271,8
1052,0,0,735,19485,8
1053,0,0,735,8285,8
1054,0,0,735,10272,8
1055,0,0,737,13189,8
1056,0,0,737,574,8
1057,1,1,737,6759,8
1058,0,0,737,2540,8
1059,0,0,737,21383,8
1060,0,0,737,21235,8
1061,0,0,737,17741,8
1062,0,0,737,21423,8
1063,0,0,737,8810,8
1064,0,0,737,12530,8
1065,0,0,739,18034,8
1066,0,0,739,16500,8
1067,0,0,747,2307,8
1068,0,0,747,16719,8
1069,0,0,747,6385,8
1070,0,0,747,240,8
1071,0,0,747,10826,8
1072,0,0,747,13170,8
1073,0,0,747,19327,8
1074,0,0,759,8377,8
1075,0,0,759,102,8
1076,0,0,759,2384,8
1077,0,0,759,2383,8
1078,1,1,759,8381,8
1079,0,0,759,8379,8
1080,0,0,759,8378,8
1081,0,0,759,14294,8
1082,0,0,759,4311,8
1083,0,0,759,6310,8
1084,0,0,763,11420,8
1085,0,0,765,7441,8
1086,0,0,765,3464,8
1087,0,0,765,5410,8
1088,0,0,765,3469,8
1089,0,0,765,15634,8
1090,1,1,765,15415,8
1091,0,0,765,8108,8
1092,0,0,765,16750,8
1093,0,0,765,5421,8
1094,0,0,765,5427,8
1095,0,0,775,16077,8
1096,0,0,775,2034,8
1097,0,0,775,5380,8
1098,0,0,775,3999,8
1099,0,0,775,20812,8
1100,0,0,775,19655,8
1101,0,0,775,18820,8
1102,0,0,775,21301,8
1103,0,0,775,6351,8
1104,0,0,775,8422,8
1105,0,0,785,6716,8
1106,0,0,785,10847,8
1107,0,0,785,8892,8
1108,0,0,785,2189,8
1109,0,0,785,10424,8
1110,1,1,785,10845,8
1111,0,0,804,10255,8
1112,0,0,804,372,8
1113,0,0,804,2879,8
1114,0,0,804,2317,8
1115,0,0,804,19747,8
1116,0,0,804,14215,8
1117,0,0,804,10285,8
1118,0,0,804,22040,8
1119,0,0,804,6241,8
1120,0,0,804,8294,8
1121,0,0,811,8413,8
1122,0,1,811,453,8
1123,0,0,811,455,8
1124,0,0,811,454,8
1125,0,0,811,18927,8
1126,0,0,811,12394,8
1127,0,0,811,10389,8
1128,0,0,811,19486,8
1129,0,0,811,2421,8
1130,0,0,811,6342,8
1131,0,0,815,16614,8
1132,0,0,815,15155,8
1133,0,0,828,7116,8
1134,0,0,828,2974,8
1135,0,0,828,4885,8
1136,0,0,828,2976,8
1137,0,0,828,14842,8
1138,1,1,828,10887,8
1139,0,0,828,9123,8
1140,0,0,828,21452,8
1141,0,0,828,5102,8
1142,0,0,828,6908,8
1143,1,1,836,8739,8
1144,0,0,836,2759,8
1145,0,0,836,4677,8
1146,0,0,836,4676,8
1147,0,0,836,14645,8
1148,0,0,836,10707,8
1149,0,0,836,10706,8
1150,0,0,836,21563,8
1151,0,0,836,6701,8
1152,0,0,836,8737,8
1153,1,1,850,8443,8
1154,0,0,850,484,8
1155,0,0,850,4362,8
1156,0,0,850,487,8
1157,0,0,850,14357,8
1158,0,0,850,14356,8
1159,0,0,850,10419,8
1160,0,0,850,15971,8
1161,0,0,850,4363,8
1162,0,0,850,6388,8
1163,0,0,857,9368,8
1164,0,0,857,1381,8
1165,0,0,857,7346,8
1166,0,0,857,3346,8
1167,0,0,857,19631,8
1168,0,0,857,15327,8
1169,0,0,857,15324,8
1170,0,0,857,21356,8
1171,1,1,857,7347,8
1172,0,0,857,7361,8
1173,0,0,861,13900,8
1174,0,0,861,204,8
1175,0,0,861,7318,8
1176,0,0,861,7317,8
1177,0,0,861,19437,8
1178,0,0,861,19165,8
1179,0,0,861,15854,8
1180,0,0,861,21405,8
1181,0,1,861,11942,8
1182,0,0,861,11943,8
1183,1,1,872,15268,8
1184,0,0,872,1312,8
1185,0,0,872,6521,8
1186,0,0,872,3304,8
1187,0,0,872,21477,8
1188,0,0,872,21351,8
1189,0,0,872,15271,8
1190,0,0,872,21602,8
1191,0,0,872,13272,8
1192,0,0,872,15267,8
1193,0,0,875,13824,8
1194,0,0,875,3948,8
1195,0,0,875,6208,8
1196,1,0,875,4226,8
1197,0,0,875,20321,8
1198,0,0,875,13998,8
1199,0,0,875,13933,8
1200,0,0,875,20924,8
1201,0,0,875,8264,8
1202,0,0,875,12246,8
1203,0,0,878,1562,8
1204,0,0,878,11541,8
1205,0,0,878,4865,8
1206,0,0,878,998,8
1207,0,0,878,7535,8
1208,0,0,878,9557,8
1209,0,0,878,15485,8
1210,0,0,895,8479,8
1211,0,0,895,18940,8
1212,0,0,895,8480,8
1213,0,0,895,2492,8
1214,0,1,895,12463,8
1215,0,0,895,18220,8
1216,0,0,895,20645,8
1217,0,0,905,13379,8
1218,0,0,905,492,8
1219,0,0,905,3416,8
1220,0,0,905,3415,8
1221,1,1,905,19636,8
1222,0,0,905,18802,8
1223,0,0,905,13380,8
1224,0,0,905,20204,8
1225,0,0,905,11379,8
1226,0,0,905,13368,8
1227,0,0,925,7796,8
1228,0,0,925,162,8
1229,0,0,925,5769,8
1230,0,0,925,1832,8
1231,1,1,925,21757,8
1232,0,0,925,21114,8
1233,0,0,925,12192,8
1234,0,0,925,21876,8
1235,0,0,925,5771,8
1236,0,0,925,7115,8
1237,0,0,936,8062,8
1238,0,0,936,4036,8
1239,0,0,936,6005,8
1240,0,0,936,4961,8
1241,1,1,936,14004,8
1242,0,0,936,12052,8
1243,0,0,936,10060,8
1244,0,0,936,15985,8
1245,0,0,936,8059,8
1246,0,0,936,8061,8
1247,0,0,937,13073,8
1248,0,0,937,595,8
1249,0,0,937,8411,8
1250,0,0,937,8410,8
1251,1,1,937,19775,8
1252,0,0,937,19167,8
1253,0,0,937,13300,8
1254,0,0,937,20829,8
1255,0,0,937,10385,8
1256,0,0,937,10513,8
1257,0,0,939,13582,8
1258,0,0,939,1644,8
1259,1,1,939,3615,8
1260,0,0,939,3609,8
1261,0,0,939,20229,8
1262,0,0,939,15560,8
1263,0,0,939,13584,8
1264,0,0,939,20532,8
1265,0,0,939,5593,8
1266,0,0,939,11625,8
1267,0,0,941,8769,8
1268,0,0,941,798,8
1269,0,0,941,4720,8
1270,1,1,941,2805,8
1271,0,0,941,15836,8
1272,0,0,941,12779,8
1273,0,0,941,12221,8
1274,0,0,941,19008,8
1275,0,0,941,6731,8
1276,0,0,941,8763,8
1277,0,0,944,10251,8
1278,0,0,944,2262,8
1279,0,0,944,2280,8
1280,0,0,944,2279,8
1281,0,0,944,21292,8
1282,1,1,944,14177,8
1283,0,0,944,14176,8
1284,0,0,944,21531,8
1285,0,0,944,8245,8
1286,0,0,944,8246,8
1287,0,0,949,7361,8
1288,0,0,949,1381,8
1289,0,0,949,5308,8
1290,0,0,949,3346,8
1291,0,0,949,15327,8
1292,0,0,949,15324,8
1293,0,0,949,9368,8
1294,0,0,949,19631,8
1295,1,1,949,7346,8
1296,0,0,949,7347,8
1297,0,0,953,11408,8
1298,0,0,953,1451,8
1299,0,0,953,9481,8
1300,0,0,953,1490,8
1301,0,0,953,19371,8
1302,0,0,953,13981,8
1303,0,0,953,13398,8
1304,0,0,953,21429,8
1305,0,0,953,9531,8
1306,0,0,953,11407,8
1307,0,0,975,11438,8
1308,0,0,975,3464,8
1309,0,0,975,5427,8
1310,0,0,975,5421,8
1311,0,0,975,16750,8
1312,0,0,975,15415,8
1313,1,1,975,13422,8
1314,0,0,975,19097,8
1315,0,0,975,7441,8
1316,0,0,975,11418,8
1317,0,0,976,1975,8
1318,0,0,976,264,8
1319,0,0,976,3038,8
1320,0,0,976,20667,8
1321,0,0,976,21520,8
1322,0,0,976,11069,8
1323,0,0,976,20401,8
1324,0,0,976,20778,8
1325,1,1,979,9553,8
1326,0,0,979,1560,8
1327,0,0,979,3536,8
1328,0,0,979,3535,8
1329,0,0,979,21618,8
1330,0,0,979,11538,8
1331,0,0,979,11537,8
1332,0,0,979,21743,8
1333,0,0,979,5511,8
1334,0,0,979,5512,8
1335,0,0,991,12306,8
1336,0,0,991,2010,8
1337,0,0,991,10308,8
1338,0,0,991,8328,8
1339,0,0,991,17474,8
1340,0,0,991,14245,8
1341,0,1,991,12312,8
1342,0,0,991,18129,8
1343,0,0,991,10322,8
1344,0,0,991,11988,8
1345,0,0,996,8735,8
1346,0,0,996,2746,8
1347,0,0,996,2751,8
1348,1,1,996,2750,8
1349,0,0,996,10701,8
1350,0,0,996,10698,8
1351,0,0,996,8736,8
1352,0,0,996,10702,8
1353,0,0,996,6693,8
1354,0,0,996,6696,8
1355,0,0,999,5271,8
1356,0,0,999,1231,8
1357,0,0,999,4650,8
1358,0,0,999,3008,8
1359,0,0,999,10873,8
1360,0,0,999,9557,8
1361,0,0,999,8564,8
1362,0,0,999,14882,8
1363,1,1,999,4923,8
1364,0,0,999,4924,8
1365,0,0,1003,12125,8
1366,0,0,1003,2144,8
1367,0,0,1003,5559,8
1368,0,0,1003,4122,8
1369,0,0,1003,15528,8
1370,0,0,1003,13543,8
1371,0,0,1003,12561,8
1372,0,0,1003,18890,8
1373,0,0,1003,8133,8
1374,0,0,1003,10151,8
1375,0,0,1004,6590,8
1376,0,0,1004,1109,8
1377,0,0,1004,7052,8
1378,0,0,1004,13835,8
1379,0,0,1004,20076,8
1380,0,0,1004,11073,8
1381,0,0,1004,11080,8
1382,0,0,1004,19605,8
1383,0,0,1009,10601,8
1384,1,1,1009,780,8
1385,0,0,1009,4576,8
1386,0,0,1009,2668,8
1387,0,0,1009,12648,8
1388,0,0,1009,12646,8
1389,0,0,1009,12644,8
1390,0,0,1009,21432,8
1391,0,0,1009,4578,8
1392,0,0,1009,6599,8
1393,0,0,1010,7054,8
1394,0,0,1010,1087,8
1395,0,0,1010,1395,8
1396,0,0,1010,1096,8
1397,0,0,1010,20455,8
1398,0,0,1010,20453,8
1399,1,1,1010,15003,8
1400,0,0,1010,21033,8
1401,0,0,1010,3126,8
1402,0,0,1010,5034,8
1403,0,0,1019,18881,8
1404,0,0,1019,16801,8
1405,0,0,1019,21242,8
1406,0,0,1022,2632,8
1407,0,0,1022,1562,8
1408,0,0,1022,6712,8
1409,0,0,1022,16063,8
1410,0,0,1022,21161,8
1411,0,0,1022,11541,8
1412,1,1,1022,12116,8
1413,0,0,1022,18127,8
1414,0,0,1030,14518,8
1415,0,0,1030,650,8
1416,0,0,1030,5936,8
1417,0,0,1030,2663,8
1418,0,0,1030,20073,8
1419,0,0,1030,18958,8
1420,0,0,1030,17791,8
1421,0,0,1030,20381,8
1422,0,0,1030,7979,8
1423,1,1,1030,10555,8
1424,0,0,1036,12211,8
1425,0,0,1036,277,8
1426,0,0,1036,5859,8
1427,0,0,1036,4201,8
1428,0,0,1036,20704,8
1429,0,0,1036,20117,8
1430,0,0,1036,16908,8
1431,0,0,1036,22068,8
1432,0,0,1036,10228,8
1433,1,1,1036,10880,8
1434,0,0,1037,12044,8
1435,0,0,1037,2309,8
1436,0,0,1037,4136,8
1437,0,0,1037,2385,8
1438,0,0,1037,14113,8
1439,0,0,1037,13674,8
1440,1,1,1037,12168,8
1441,0,0,1037,14905,8
1442,0,0,1037,6129,8
1443,0,0,1037,10055,8
1444,0,0,1044,14883,8
1445,1,1,1044,3009,8
1446,0,0,1044,10924,8
1447,0,0,1044,6952,8
1448,0,0,1044,19853,8
1449,0,0,1044,18730,8
1450,0,0,1044,14884,8
1451,0,0,1044,20993,8
1452,0,0,1044,10925,8
1453,0,0,1044,12982,8
1454,0,0,1063,5874,8
1455,0,0,1063,18,8
1456,0,0,1063,2926,8
1457,0,0,1063,649,8
1458,0,0,1063,18766,8
1459,0,0,1063,15045,8
1460,0,0,1063,7090,8
1461,0,0,1063,20133,8
1462,0,1,1063,3145,8
1463,0,0,1063,5082,8
1464,0,0,1065,10598,8
1465,0,0,1065,676,8
1466,0,0,1065,4576,8
1467,0,0,1065,677,8
1468,0,0,1065,12643,8
1469,1,1,1065,10600,8
1470,0,0,1065,10599,8
1471,0,0,1065,21802,8
1472,0,0,1065,4577,8
1473,0,0,1065,6601,8
1474,0,0,1066,8306,8
1475,0,0,1066,370,8
1476,0,0,1066,4248,8
1477,0,0,1066,380,8
1478,0,0,1066,20610,8
1479,0,0,1066,14225,8
1480,0,0,1066,12284,8
1481,0,0,1066,20922,8
1482,0,0,1066,8295,8
1483,1,1,1066,8297,8
1484,0,0,1070,15507,8
1485,0,0,1070,2959,8
1486,0,0,1070,5560,8
1487,0,0,1070,3973,8
1488,0,0,1070,18840,8
1489,0,0,1070,18643,8
1490,1,1,1070,18620,8
1491,0,0,1070,18863,8
1492,0,0,1070,7664,8
1493,0,0,1070,13393,8
1494,0,0,1080,8560,8
1495,0,0,1080,581,8
1496,0,0,1080,4455,8
1497,0,0,1080,4454,8
1498,0,1,1080,14454,8
1499,0,0,1080,12537,8
1500,0,0,1080,9975,8
1501,0,0,1080,19508,8
1502,0,0,1080,4458,8
1503,0,0,1080,4459,8
1504,0,0,1084,21264,8
1505,0,0,1084,11304,8
1506,0,0,1084,2081,8
1507,0,0,1084,17320,8
1508,0,0,1095,8676,8
1509,0,0,1095,706,8
1510,1,1,1095,2702,8
1511,0,0,1095,2700,8
1512,0,0,1095,14594,8
1513,0,0,1095,12674,8
1514,0,0,1095,12167,8
1515,0,0,1095,16142,8
1516,0,0,1095,2704,8
1517,0,0,1095,4607,8
1518,1,1,1108,10672,8
1519,0,0,1108,464,8
1520,0,0,1108,733,8
1521,0,0,1108,732,8
1522,0,0,1108,19817,8
1523,0,0,1108,12699,8
1524,0,0,1108,12694,8
1525,0,0,1108,20112,8
1526,0,0,1108,2723,8
1527,0,0,1108,10664,8
1528,0,0,1110,13636,8
1529,0,0,1110,869,8
1530,0,0,1110,3121,8
1531,0,0,1110,3115,8
1532,0,0,1110,20046,8
1533,0,0,1110,19760,8
1534,0,0,1110,18830,8
1535,0,0,1110,21703,8
1536,0,0,1110,8171,8
1537,0,0,1110,10407,8
1538,0,0,1124,13665,8
1539,0,0,1124,50,8
1540,0,0,1124,3169,8
1541,0,0,1124,1160,8
1542,0,0,1124,15648,8
1543,1,1,1124,15647,8
1544,0,0,1124,13666,8
1545,0,0,1124,20241,8
1546,0,0,1124,7701,8
1547,0,0,1124,9722,8
1548,0,0,1133,12790,8
1549,0,0,1133,2826,8
1550,0,0,1133,10652,8
1551,0,0,1133,4729,8
1552,0,0,1133,21935,8
1553,0,0,1133,19010,8
1554,1,0,1133,14690,8
1555,0,0,1133,21936,8
1556,0,0,1133,10754,8
1557,0,0,1133,12786,8
1558,0,0,1136,17382,8
1559,0,0,1136,260,8
1560,0,0,1136,16199,8
1561,0,0,1136,606,8
1562,0,0,1136,18031,8
1563,0,0,1136,17384,8
1564,1,1,1136,17383,8
1565,0,0,1136,18198,8
1566,0,0,1136,16963,8
1567,0,0,1136,17380,8
1568,0,0,1137,6475,8
1569,0,0,1137,2526,8
1570,0,0,1137,2531,8
1571,0,0,1137,2528,8
1572,0,0,1137,12519,8
1573,0,0,1137,10485,8
1574,0,0,1137,8536,8
1575,0,0,1137,14435,8
1576,1,1,1137,4429,8
1577,0,0,1137,6472,8
1578,1,1,1141,9253,8
1579,0,0,1141,1284,8
1580,0,0,1141,4019,8
1581,0,0,1141,3276,8
1582,0,0,1141,15216,8
1583,0,0,1141,13254,8
1584,0,0,1141,13251,8
1585,0,0,1141,21057,8
1586,0,0,1141,5215,8
1587,0,0,1141,7261,8
1588,0,0,1148,17449,8
1589,0,0,1148,16194,8
1590,1,1,1148,16756,8
1591,0,0,1148,16560,8
1592,0,0,1148,18101,8
1593,0,0,1148,17996,8
1594,0,0,1148,17785,8
1595,0,0,1148,19538,8
1596,0,0,1148,16792,8
1597,0,0,1148,16794,8
1598,0,0,1149,11483,8
1599,0,0,1149,1451,8
1600,0,0,1149,2693,8
1601,0,0,1149,1530,8
1602,0,0,1149,21218,8
1603,0,0,1149,19371,8
1604,0,0,1149,13398,8
1605,0,0,1149,21429,8
1606,1,1,1149,9481,8
1607,0,0,1149,9531,8
1608,0,0,1159,7083,8
1609,0,0,1159,479,8
1610,0,0,1159,1698,8
1611,0,0,1159,1117,8
1612,0,0,1159,15034,8
1613,0,0,1159,13616,8
1614,1,1,1159,13109,8
1615,0,0,1159,20233,8
1616,0,0,1159,1699,8
1617,0,0,1159,5067,8
1618,1,1,1177,20811,8
1619,0,0,1177,13412,8
1620,0,0,1185,8734,8
1621,0,0,1185,1097,8
1622,0,0,1185,5034,8
1623,0,0,1185,1401,8
1624,0,0,1185,15006,8
1625,0,0,1185,14328,8
1626,1,1,1185,11039,8
1627,0,0,1185,21033,8
1628,0,0,1185,5042,8
1629,0,0,1185,5043,8
1630,0,0,1194,8993,8
1631,0,0,1194,1026,8
1632,0,0,1194,4948,8
1633,0,0,1194,1342,8
1634,0,0,1194,14917,8
1635,1,1,1194,14916,8
1636,0,0,1194,10954,8
1637,0,0,1194,21332,8
1638,0,0,1194,6968,8
1639,0,0,1194,6991,8
1640,0,0,1209,11697,8
1641,0,0,1209,3697,8
1642,0,0,1209,5671,8
1643,0,0,1209,4784,8
1644,0,0,1209,16101,8
1645,0,0,1209,14109,8
1646,0,0,1209,13786,8
1647,0,0,1209,20723,8
1648,0,0,1209,7697,8
1649,1,0,1209,9717,8
1650,0,0,1217,15264,8
1651,0,0,1217,1317,8
1652,1,1,1217,5249,8
1653,0,0,1217,1319,8
1654,0,0,1217,21060,8
1655,0,0,1217,20495,8
1656,0,0,1217,15272,8
1657,0,0,1217,21478,8
1658,0,0,1217,5250,8
1659,0,0,1217,11278,8
1660,0,0,1233,13629,8
1661,0,0,1233,452,8
1662,0,0,1233,9690,8
1663,0,0,1233,3665,8
1664,0,0,1233,18428,8
1665,0,0,1233,16177,8
1666,0,0,1233,18927,8
1667,0,0,1233,11675,8
1668,1,0,1233,12407,8
1669,0,0,1242,7082,8
1670,0,0,1242,1113,8
1671,0,0,1242,5067,8
1672,1,1,1242,2465,8
1673,0,0,1242,20348,8
1674,0,0,1242,13107,8
1675,0,0,1242,8451,8
1676,0,0,1242,20640,8
1677,0,0,1242,5068,8
1678,0,0,1242,6400,8
1679,0,0,1258,10744,8
1680,0,0,1258,2827,8
1681,0,0,1258,4733,8
1682,0,0,1258,3507,8
1683,0,0,1258,14701,8
1684,0,0,1258,14691,8
1685,0,0,1258,12785,8
1686,0,0,1258,21936,8
1687,0,0,1258,6742,8
1688,0,0,1258,6745,8
1689,0,0,1263,19772,8
1690,0,0,1263,3936,8
1691,0,0,1263,8478,8
1692,0,0,1263,6421,8
1693,0,0,1263,21792,8
1694,0,0,1263,21158,8
1695,0,0,1263,20938,8
1696,1,1,1263,22051,8
1697,0,0,1263,12040,8
1698,0,0,1263,15855,8
1699,0,0,1266,14203,8
1700,1,1,1266,4232,8
1701,0,0,1266,6216,8
1702,0,0,1266,6215,8
1703,0,0,1266,19378,8
1704,0,0,1266,19210,8
1705,0,0,1266,14205,8
1706,0,0,1266,20322,8
1707,0,0,1266,12250,8
1708,0,0,1266,14202,8
1709,0,0,1291,14026,8
1710,0,0,1291,53,8
1711,0,0,1291,6555,8
1712,0,0,1291,1355,8
1713,0,0,1291,19085,8
1714,0,1,1291,17829,8
1715,0,0,1291,15684,8
1716,0,0,1291,20549,8
1717,0,0,1291,7744,8
1718,0,0,1291,13700,8
1719,0,0,1292,9476,8
1720,0,0,1292,6114,8
1721,0,0,1292,17194,8
1722,1,1,1292,18602,8
1723,0,0,1292,21178,8
1724,0,0,1292,17321,8
1725,0,0,1292,18063,8
1726,0,0,1292,18968,8
1727,0,0,1305,8411,8
1728,0,0,1305,595,8
1729,0,0,1305,6864,8
1730,1,1,1305,2558,8
1731,0,0,1305,14460,8
1732,0,0,1305,10513,8
1733,0,0,1305,10385,8
1734,0,0,1305,19775,8
1735,0,0,1305,8409,8
1736,0,0,1305,8410,8
1737,0,0,1320,10820,8
1738,1,1,1320,884,8
1739,0,0,1320,2888,8
1740,0,0,1320,892,8
1741,0,0,1320,19578,8
1742,0,0,1320,18675,8
1743,0,0,1320,18673,8
1744,0,0,1320,21571,8
1745,0,0,1320,8855,8
1746,0,0,1320,10807,8
1747,0,0,1330,18637,8
1748,0,0,1338,18549,8
1749,0,0,1338,3532,8
1750,0,0,1338,16455,8
1751,0,0,1338,14065,8
1752,0,0,1338,19981,8
1753,0,0,1338,19146,8
1754,0,0,1338,18550,8
1755,0,0,1338,20851,8
1756,1,1,1338,17543,8
1757,0,0,1338,18485,8
1758,0,0,1340,10469,8
1759,0,0,1340,2503,8
1760,0,0,1340,4182,8
1761,0,0,1340,2504,8
1762,0,0,1340,14960,8
1763,0,0,1340,14150,8
1764,0,0,1340,12477,8
1765,0,0,1340,21430,8
1766,1,1,1340,8496,8
1767,0,0,1340,8497,8
1768,0,0,1347,15171,8
1769,0,0,1347,1250,8
1770,0,0,1347,7355,8
1771,0,0,1347,3228,8
1772,0,0,1347,17503,8
1773,0,0,1347,15227,8
1774,0,0,1347,15172,8
1775,0,0,1347,19759,8
1776,0,0,1347,8440,8
1777,0,1,1347,12431,8
1778,1,1,1356,11269,8
1779,0,0,1356,5493,8
1780,0,0,1356,9287,8
1781,0,0,1356,6026,8
1782,0,0,1356,14008,8
1783,0,0,1356,11521,8
1784,0,0,1356,11270,8
1785,0,0,1356,15252,8
1786,0,0,1356,11267,8
1787,0,0,1356,11268,8
1788,0,0,1359,11509,8
1789,0,0,1359,1870,8
1790,0,0,1359,5009,8
1791,1,1,1359,1903,8
1792,0,0,1359,21366,8
1793,0,0,1359,19515,8
1794,0,0,1359,12833,8
1795,0,0,1359,21427,8
1796,0,0,1359,11470,8
1797,0,0,1359,11508,8
1798,0,0,1365,13088,8
1799,0,0,1365,4029,8
1800,0,0,1365,8391,8
1801,0,0,1365,5431,8
1802,1,1,1365,18372,8
1803,0,0,1365,16184,8
1804,0,0,1365,16173,8
1805,0,0,1365,18617,8
1806,0,0,1365,10473,8
1807,0,0,1365,10822,8
1808,0,0,1367,5637,8
1809,0,0,1367,1686,8
1810,0,0,1367,3456,8
1811,0,0,1367,2806,8
1812,0,1,1367,12146,8
1813,0,0,1367,10739,8
1814,0,0,1367,9677,8
1815,0,0,1367,15590,8
1816,0,0,1367,3648,8
1817,0,0,1367,3651,8
1818,0,0,1371,13286,8
1819,0,0,1371,1320,8
1820,0,0,1371,6947,8
1821,0,0,1371,3823,8
1822,0,0,1371,19226,8
1823,0,0,1371,15280,8
1824,0,0,1371,14840,8
1825,0,0,1371,20743,8
1826,0,0,1371,7870,8
1827,0,0,1371,9301,8
1828,0,0,1377,11802,8
1829,0,0,1377,10063,8
1830,0,0,1377,1909,8
1831,0,1,1377,12161,8
1832,0,0,1377,20594,8
1833,0,0,1382,12594,8
1834,0,0,1382,621,8
1835,0,0,1382,2589,8
1836,0,0,1382,1978,8
1837,0,0,1382,14492,8
1838,0,0,1382,14490,8
1839,0,0,1382,12595,8
1840,0,0,1382,21799,8
1841,0,0,1382,2594,8
1842,0,0,1382,10535,8
1843,0,0,1403,7570,8
1844,0,0,1403,3978,8
1845,0,0,1403,4308,8
1846,0,0,1403,4307,8
1847,0,0,1403,12342,8
1848,0,0,1403,10031,8
1849,0,0,1403,9241,8
1850,0,0,1403,15286,8
1851,0,0,1403,5919,8
1852,0,0,1403,5975,8
1853,0,0,1412,17710,8
1854,0,0,1412,1722,8
1855,0,0,1412,13659,8
1856,0,0,1412,10180,8
1857,0,0,1412,18503,8
1858,0,0,1412,18337,8
1859,0,0,1412,18045,8
1860,0,0,1412,21099,8
1861,0,1,1412,16818,8
1862,0,0,1412,17085,8
1863,0,0,1413,8763,8
1864,1,1,1413,2788,8
1865,0,0,1413,4711,8
1866,0,0,1413,2789,8
1867,0,0,1413,10728,8
1868,0,0,1413,10727,8
1869,0,0,1413,8826,8
1870,0,0,1413,12766,8
1871,0,0,1413,6729,8
1872,0,0,1413,8235,8
1873,0,0,1421,16985,8
1874,0,0,1421,692,8
1875,0,0,1421,5722,8
1876,0,0,1421,4544,8
1877,0,0,1421,17917,8
1878,0,0,1421,17765,8
1879,0,0,1421,17223,8
1880,0,0,1421,20505,8
1881,0,0,1421,14080,8
1882,0,0,1421,16366,8
1883,0,0,1423,7705,8
1884,0,0,1423,1730,8
1885,0,0,1423,3702,8
1886,0,0,1423,2201,8
1887,0,1,1423,9727,8
1888,0,0,1423,9724,8
1889,0,0,1423,8170,8
1890,0,0,1423,13669,8
1891,0,0,1423,5843,8
1892,0,0,1423,7699,8
1893,1,1,1424,8192,8
1894,0,0,1424,443,8
1895,0,0,1424,2418,8
1896,0,0,1424,2225,8
1897,0,0,1424,14148,8
1898,0,0,1424,11809,8
1899,0,0,1424,8577,8
1900,0,0,1424,19063,8
1901,0,0,1424,4472,8
1902,0,0,1424,7088,8
1903,1,1,1426,10692,8
1904,0,0,1426,760,8
1905,0,0,1426,6690,8
1906,0,0,1426,6182,8
1907,0,0,1426,15119,8
1908,0,0,1426,15118,8
1909,0,0,1426,14635,8
1910,0,0,1426,15844,8
1911,0,0,1426,7169,8
1912,0,0,1426,9161,8
1913,0,0,1429,6340,8
1914,0,0,1429,15158,8
1915,0,0,1429,6464,8
1916,0,0,1429,4048,8
1917,0,0,1429,10087,8
1918,0,0,1429,10529,8
1919,0,0,1429,20858,8
1920,0,0,1432,10266,8
1921,0,0,1432,361,8
1922,1,1,1432,6230,8
1923,0,0,1432,3955,8
1924,0,0,1432,15920,8
1925,0,0,1432,15919,8
1926,0,0,1432,15580,8
1927,0,0,1432,21294,8
1928,0,0,1432,9423,8
1929,0,0,1432,9667,8
1930,0,0,1434,10424,8
1931,0,0,1434,20040,8
1932,0,0,1434,10636,8
1933,0,0,1434,8892,8
1934,0,0,1434,10949,8
1935,0,0,1434,12034,8
1936,1,1,1435,7324,8
1937,0,0,1435,1470,8
1938,0,0,1435,5271,8
1939,0,0,1435,3328,8
1940,0,0,1435,18784,8
1941,0,0,1435,15302,8
1942,0,0,1435,14349,8
1943,0,0,1435,20813,8
1944,0,0,1435,5272,8
1945,0,0,1435,6627,8
1946,0,0,1437,11708,8
1947,0,0,1437,1739,8
1948,0,0,1437,3707,8
1949,0,0,1437,3705,8
1950,0,0,1437,19125,8
1951,0,0,1437,18837,8
1952,0,0,1437,18835,8
1953,0,0,1437,19402,8
1954,0,0,1437,7022,8
1955,1,1,1437,11704,8
1956,0,0,1441,11279,8
1957,0,0,1441,1691,8
1958,0,0,1441,3314,8
1959,0,0,1441,3313,8
1960,0,0,1441,21187,8
1961,1,1,1441,15284,8
1962,0,0,1441,13291,8
1963,0,0,1441,21481,8
1964,0,0,1441,5258,8
1965,0,0,1441,7312,8
1966,0,0,1443,8301,8
1967,0,0,1443,1150,8
1968,0,0,1443,6237,8
1969,0,0,1443,4244,8
1970,0,0,1443,12276,8
1971,0,0,1443,10282,8
1972,0,0,1443,8302,8
1973,0,0,1443,12287,8
1974,0,0,1443,8287,8
1975,0,0,1443,8288,8
1976,0,0,1446,7993,8
1977,0,0,1446,7691,8
1978,0,0,1446,11980,8
1979,0,0,1446,20035,8
1980,0,0,1446,21637,8
1981,0,0,1446,16180,8
1982,0,0,1446,20034,8
1983,0,0,1446,21513,8
1984,1,1,1448,7902,8
1985,0,0,1448,1916,8
1986,0,0,1448,4864,8
1987,0,0,1448,2547,8
1988,0,0,1448,14371,8
1989,0,0,1448,12127,8
1990,0,0,1448,11502,8
1991,0,0,1448,18903,8
1992,0,0,1448,7489,8
1993,0,0,1448,7653,8
1994,0,0,1451,8775,8
1995,0,0,1451,795,8
1996,0,0,1451,912,8
1997,0,0,1451,797,8
1998,0,0,1451,20712,8
1999,0,0,1451,19281,8
2000,0,0,1451,14679,8
2001,0,0,1451,21565,8
2002,1,1,1451,4719,8
2003,0,0,1451,6188,8
2004,0,1,1456,18231,8
2005,0,0,1456,6671,8
2006,0,0,1456,13392,8
2007,0,0,1456,7415,8
2008,0,0,1456,19420,8
2009,0,0,1456,18538,8
2010,0,0,1456,18537,8
2011,0,0,1456,19980,8
2012,0,0,1456,17265,8
2013,0,0,1456,18230,8
2014,0,1,1457,8346,8
2015,0,0,1459,12135,8
2016,0,0,1459,4116,8
2017,0,0,1459,7542,8
2018,0,0,1459,5398,8
2019,0,0,1459,19650,8
2020,0,0,1459,19188,8
2021,0,0,1459,20526,8
2022,0,0,1459,11479,8
2023,0,0,1459,12118,8
2024,0,0,1461,9847,8
2025,0,1,1461,3780,8
2026,0,0,1461,7811,8
2027,0,0,1461,3785,8
2028,0,0,1461,15747,8
2029,0,0,1461,13751,8
2030,0,0,1461,13750,8
2031,0,0,1461,15748,8
2032,0,0,1461,7816,8
2033,0,0,1461,7817,8
2034,0,0,1467,7524,8
2035,0,0,1467,1550,8
2036,0,0,1467,5506,8
2037,0,0,1467,3473,8
2038,0,0,1467,15472,8
2039,0,0,1467,12114,8
2040,0,0,1467,11532,8
2041,1,1,1467,16059,8
2042,0,0,1467,5507,8
2043,0,0,1467,6088,8
2044,0,0,1474,8297,8
2045,0,0,1474,379,8
2046,0,0,1474,3960,8
2047,0,0,1474,385,8
2048,0,0,1474,14224,8
2049,0,0,1474,8305,8
2050,0,0,1474,8304,8
2051,0,0,1474,20922,8
2052,1,1,1474,3961,8
2053,0,0,1474,6248,8
2054,0,0,1476,11084,8
2055,0,0,1476,1122,8
2056,0,0,1476,9102,8
2057,0,0,1476,1124,8
2058,0,0,1476,19321,8
2059,0,0,1476,19045,8
2060,0,0,1476,15040,8
2061,0,0,1476,19872,8
2062,0,0,1476,11080,8
2063,1,1,1476,11083,8
2064,0,0,1479,10487,8
2065,0,0,1479,443,8
2066,0,0,1479,446,8
2067,0,0,1479,444,8
2068,0,0,1479,14308,8
2069,0,0,1479,13968,8
2070,0,0,1479,20622,8
2071,0,0,1479,1549,8
2072,0,0,1479,10373,8
2073,1,1,1482,8566,8
2074,0,0,1482,591,8
2075,0,0,1482,2553,8
2076,0,0,1482,2551,8
2077,0,0,1482,12545,8
2078,0,0,1482,10508,8
2079,0,0,1482,8567,8
2080,0,0,1482,12552,8
2081,0,0,1482,6503,8
2082,0,0,1482,6504,8
2083,0,0,1484,12110,8
2084,0,0,1484,3506,8
2085,0,0,1484,8475,8
2086,0,0,1484,3608,8
2087,0,0,1484,16085,8
2088,1,1,1484,15558,8
2089,0,0,1484,13477,8
2090,0,0,1484,21490,8
2091,0,0,1484,9506,8
2092,0,0,1484,9519,8
2093,0,0,1485,3346,8
2094,0,0,1485,33,8
2095,0,1,1485,1375,8
2096,0,0,1485,166,8
2097,0,0,1485,15324,8
2098,0,0,1485,7358,8
2099,0,0,1485,3353,8
2100,0,0,1485,20502,8
2101,0,0,1485,1377,8
2102,0,0,1485,1378,8
2103,0,0,1494,6690,8
2104,0,0,1494,14635,8
2105,0,0,1494,8725,8
2106,0,0,1494,6182,8
2107,0,0,1494,9063,8
2108,0,0,1494,11421,8
2109,0,0,1502,9013,8
2110,0,0,1502,2943,8
2111,0,0,1502,5311,8
2112,0,0,1502,3825,8
2113,0,0,1502,18311,8
2114,0,0,1502,14348,8
2115,0,0,1502,10098,8
2116,0,0,1502,18874,8
2117,0,0,1502,7555,8
2118,0,0,1502,7665,8
2119,1,1,1504,4817,8
2120,0,0,1504,903,8
2121,0,0,1504,917,8
2122,0,0,1504,906,8
2123,0,0,1504,10735,8
2124,0,0,1504,8885,8
2125,0,0,1504,6840,8
2126,0,0,1504,17420,8
2127,0,0,1504,4813,8
2128,0,0,1504,4814,8
2129,0,0,1506,17530,8
2130,0,0,1506,1621,8
2131,1,1,1506,16666,8
2132,0,0,1506,16399,8
2133,0,0,1506,18172,8
2134,0,0,1506,17906,8
2135,0,0,1506,17571,8
2136,0,0,1506,18524,8
2137,0,0,1506,16978,8
2138,0,0,1506,17249,8
2139,0,0,1510,10644,8
2140,0,0,1510,2634,8
2141,0,0,1510,2640,8
2142,0,0,1510,2636,8
2143,0,0,1510,18960,8
2144,0,0,1510,14546,8
2145,0,0,1510,12626,8
2146,1,1,1510,19042,8
2147,0,0,1510,6586,8
2148,0,0,1510,10639,8
2149,0,0,1511,6552,8
2150,0,0,1511,634,8
2151,1,1,1511,4519,8
2152,0,0,1511,4517,8
2153,0,0,1511,21146,8
2154,0,0,1511,14508,8
2155,0,0,1511,8612,8
2156,0,0,1511,21680,8
2157,0,0,1511,4525,8
2158,0,0,1511,6549,8
2159,0,0,1522,14922,8
2160,1,0,1522,1025,8
2161,0,0,1522,8661,8
2162,0,0,1522,5657,8
2163,0,0,1522,18731,8
2164,0,0,1522,18458,8
2165,0,0,1522,18457,8
2166,0,0,1522,21029,8
2167,0,0,1522,12999,8
2168,0,0,1522,13000,8
2169,0,0,1529,12468,8
2170,0,0,1529,526,8
2171,0,0,1529,3901,8
2172,0,1,1529,1441,8
2173,0,0,1529,15395,8
2174,0,0,1529,14395,8
2175,0,0,1529,13872,8
2176,0,0,1529,20353,8
2177,0,0,1529,4395,8
2178,0,0,1529,6430,8
2179,0,0,1534,11190,8
2180,1,1,1534,1090,8
2181,0,0,1534,5038,8
2182,0,0,1534,1401,8
2183,0,0,1534,19937,8
2184,0,0,1534,16183,8
2185,0,0,1534,15006,8
2186,0,0,1534,20454,8
2187,0,0,1534,7055,8
2188,0,0,1534,11043,8
2189,0,0,1535,7428,8
2190,1,1,1535,18999,8
2191,0,0,1535,8706,8
2192,0,0,1535,7122,8
2193,0,0,1535,9132,8
2194,0,0,1535,18702,8
2195,0,0,1539,8812,8
2196,0,0,1539,2841,8
2197,1,1,1539,4756,8
2198,0,0,1539,4754,8
2199,0,0,1539,19836,8
2200,0,0,1539,19152,8
2201,0,0,1539,14722,8
2202,0,0,1539,20128,8
2203,0,0,1539,5800,8
2204,0,0,1539,6769,8
2205,1,1,1550,11326,8
2206,0,0,1550,1373,8
2207,0,0,1550,5302,8
2208,0,0,1550,3348,8
2209,0,0,1550,13332,8
2210,0,0,1550,13331,8
2211,0,0,1550,13330,8
2212,0,0,1550,15325,8
2213,0,0,1550,7349,8
2214,0,0,1550,11325,8
2215,0,0,1560,13704,8
2216,0,0,1560,1769,8
2217,0,0,1560,5708,8
2218,0,0,1560,1770,8
2219,0,0,1560,19963,8
2220,1,1,1560,19669,8
2221,0,0,1560,15688,8
2222,0,0,1560,19964,8
2223,0,0,1560,6139,8
2224,0,0,1560,9775,8
2225,0,0,1563,9806,8
2226,1,1,1563,430,8
2227,0,0,1563,2374,8
2228,0,0,1563,1802,8
2229,0,0,1563,15722,8
2230,0,0,1563,13957,8
2231,0,0,1563,11776,8
2232,0,0,1563,21015,8
2233,0,0,1563,8362,8
2234,0,0,1563,8917,8
2235,0,0,1564,10891,8
2236,0,0,1564,2980,8
2237,0,0,1564,6913,8
2238,0,0,1564,4890,8
2239,0,0,1564,12943,8
2240,0,0,1564,10894,8
2241,0,0,1564,10893,8
2242,0,0,1564,20729,8
2243,1,1,1564,6914,8
2244,0,0,1564,8933,8
2245,0,0,1572,19206,8
2246,0,0,1572,7826,8
2247,0,0,1572,8203,8
2248,0,0,1572,8015,8
2249,0,0,1572,21436,8
2250,0,0,1572,21316,8
2251,0,0,1572,20906,8
2252,0,0,1572,22035,8
2253,0,0,1572,10209,8
2254,0,0,1572,12195,8
2255,0,0,1577,11642,8
2256,0,0,1577,1484,8
2257,0,0,1577,7565,8
2258,0,0,1577,4065,8
2259,1,1,1577,13540,8
2260,0,0,1577,13433,8
2261,0,0,1577,11834,8
2262,0,0,1577,21525,8
2263,0,0,1577,8182,8
2264,0,0,1577,8937,8
2265,0,0,1578,6537,8
2266,0,0,1578,210,8
2267,1,1,1578,3323,8
2268,0,0,1578,3166,8
2269,0,0,1578,14840,8
2270,0,0,1578,11295,8
2271,0,0,1578,6907,8
2272,0,0,1578,21848,8
2273,0,0,1578,3324,8
2274,0,0,1578,3325,8
2275,1,1,1584,11475,8
2276,0,0,1584,172,8
2277,0,0,1584,7473,8
2278,0,0,1584,6080,8
2279,0,0,1584,15436,8
2280,0,0,1584,15435,8
2281,0,0,1584,13457,8
2282,0,0,1584,15437,8
2283,0,0,1584,7477,8
2284,0,0,1584,9497,8
2285,0,0,1589,11419,8
2286,0,0,1589,1478,8
2287,0,0,1589,5412,8
2288,1,1,1589,2645,8
2289,0,0,1589,16040,8
2290,0,0,1589,15407,8
2291,0,0,1589,20790,8
2292,0,0,1589,7435,8
2293,0,0,1589,7840,8
2294,1,1,1592,16658,8
2295,0,0,1592,242,8
2296,0,0,1592,1251,8
2297,0,0,1592,267,8
2298,0,0,1592,21599,8
2299,0,0,1592,17850,8
2300,0,0,1592,17068,8
2301,0,0,1592,21725,8
2302,0,0,1592,1446,8
2303,0,0,1592,11437,8
2304,0,0,1595,13872,8
2305,0,0,1595,3901,8
2306,0,0,1595,6430,8
2307,0,0,1595,4395,8
2308,0,0,1595,15395,8
2309,0,0,1595,15389,8
2310,0,0,1595,14395,8
2311,0,0,1595,20353,8
2312,0,0,1595,12468,8
2313,0,1,1595,13390,8
2314,0,0,1596,10361,8
2315,0,0,1596,993,8
2316,0,0,1596,2993,8
2317,0,0,1596,2391,8
2318,0,0,1596,14863,8
2319,0,0,1596,12360,8
2320,0,0,1596,10909,8
2321,0,0,1596,21083,8
2322,0,0,1596,6931,8
2323,0,0,1596,8953,8
2324,0,0,1598,6277,8
2325,0,0,1598,17350,8
2326,0,0,1598,8345,8
2327,0,0,1598,2358,8
2328,0,0,1598,12318,8
2329,0,0,1598,16449,8
2330,0,0,1598,18131,8
2331,0,0,1614,9889,8
2332,0,0,1614,6431,8
2333,0,0,1614,8876,8
2334,0,0,1614,6838,8
2335,0,0,1614,12889,8
2336,1,1,1614,11350,8
2337,0,0,1614,10840,8
2338,0,0,1614,15782,8
2339,0,0,1614,8880,8
2340,0,0,1614,8882,8
2341,1,1,1615,12973,8
2342,0,0,1615,1593,8
2343,0,0,1615,4916,8
2344,0,0,1615,2386,8
2345,0,0,1615,14838,8
2346,0,0,1615,14287,8
2347,0,0,1615,13694,8
2348,0,0,1615,18355,8
2349,0,0,1615,6934,8
2350,0,0,1615,8948,8
2351,0,0,1617,11670,8
2352,0,1,1617,2748,8
2353,0,0,1617,6700,8
2354,0,0,1617,6694,8
2355,0,0,1617,19561,8
2356,0,0,1617,14638,8
2357,0,0,1617,12722,8
2358,0,0,1617,22068,8
2359,0,0,1617,8728,8
2360,0,0,1617,10697,8
2361,0,0,1618,16300,8
2362,0,0,1618,1197,8
2363,0,0,1618,8460,8
2364,1,1,1618,6364,8
2365,0,0,1618,17772,8
2366,0,0,1618,16780,8
2367,0,0,1618,18018,8
2368,0,0,1618,9113,8
2369,0,0,1618,16244,8
2370,0,0,1623,4861,8
2371,0,0,1623,2060,8
2372,0,0,1623,2661,8
2373,0,0,1623,2651,8
2374,0,0,1623,10578,8
2375,0,0,1623,6593,8
2376,1,1,1623,6592,8
2377,0,0,1623,18935,8
2378,0,0,1623,4556,8
2379,0,0,1623,4562,8
2380,0,0,1634,7134,8
2381,0,0,1645,12888,8
2382,0,0,1645,311,8
2383,0,0,1645,8313,8
2384,0,0,1645,5378,8
2385,0,0,1645,16247,8
2386,0,0,1645,16177,8
2387,0,0,1645,16175,8
2388,0,0,1645,21189,8
2389,0,0,1645,10835,8
2390,0,0,1645,12886,8
2391,0,0,1657,17517,8
2392,0,0,1657,7046,8
2393,0,0,1657,16331,8
2394,0,0,1657,8166,8
2395,0,0,1657,18265,8
2396,0,0,1657,18025,8
2397,0,0,1657,17845,8
2398,0,0,1657,18463,8
2399,1,1,1657,16332,8
2400,0,0,1657,16785,8
2401,0,0,1661,12454,8
2402,0,0,1661,514,8
2403,0,0,1661,4372,8
2404,0,0,1661,1203,8
2405,0,0,1661,20005,8
2406,0,0,1661,19231,8
2407,0,0,1661,18762,8
2408,0,0,1661,21507,8
2409,0,0,1661,5147,8
2410,0,0,1661,9942,8
2411,0,0,1663,14241,8
2412,0,0,1663,847,8
2413,0,0,1663,6776,8
2414,0,0,1663,1436,8
2415,0,0,1663,21350,8
2416,0,0,1663,20896,8
2417,0,0,1663,19180,8
2418,0,0,1663,21814,8
2419,0,1,1663,10771,8
2420,0,0,1663,14010,8
2421,0,0,1686,17671,8
2422,0,0,1686,3951,8
2423,0,0,1686,11271,8
2424,0,0,1686,3956,8
2425,0,0,1686,19462,8
2426,0,0,1686,18412,8
2427,0,0,1686,17797,8
2428,1,0,1686,20038,8
2429,0,0,1686,17528,8
2430,0,0,1686,17665,8
2431,0,0,1690,13933,8
2432,0,0,1690,2047,8
2433,0,0,1690,3948,8
2434,0,0,1690,2283,8
2435,0,0,1690,15974,8
2436,0,0,1690,15169,8
2437,0,0,1690,20321,8
2438,0,0,1690,4226,8
2439,0,0,1690,6208,8
2440,0,0,1695,17928,8
2441,0,0,1695,3532,8
2442,0,0,1695,16432,8
2443,0,0,1695,14272,8
2444,0,0,1695,18550,8
2445,0,0,1695,18493,8
2446,0,0,1695,18239,8
2447,0,0,1695,20219,8
2448,1,1,1695,17274,8
2449,0,0,1695,17605,8
2450,0,0,1699,17726,8
2451,0,0,1699,16226,8
2452,0,0,1699,16823,8
2453,0,0,1699,16822,8
2454,0,0,1699,18510,8
2455,0,0,1699,18339,8
2456,0,0,1699,17898,8
2457,0,0,1699,20801,8
2458,0,0,1699,16966,8
2459,1,1,1699,17103,8
2460,0,0,1700,18042,8
2461,0,0,1700,1722,8
2462,0,0,1700,16816,8
2463,1,1,1700,13659,8
2464,0,0,1700,20238,8
2465,0,0,1700,18503,8
2466,0,0,1700,18045,8
2467,0,0,1700,21099,8
2468,0,0,1700,17085,8
2469,0,0,1700,18041,8
2470,0,0,1708,16966,8
2471,0,0,1708,16221,8
2472,0,0,1708,16515,8
2473,1,1,1708,16226,8
2474,0,0,1708,17726,8
2475,0,0,1708,17722,8
2476,0,0,1708,17652,8
2477,0,0,1708,18510,8
2478,0,0,1708,16651,8
2479,0,0,1708,16825,8
2480,0,0,1735,8741,8
2481,0,0,1735,7619,8
2482,0,0,1735,18900,8
2483,0,0,1749,12445,8
2484,0,0,1749,143,8
2485,0,0,1749,2472,8
2486,0,0,1749,483,8
2487,0,0,1749,20049,8
2488,0,0,1749,19607,8
2489,0,0,1749,19430,8
2490,0,0,1749,21834,8
2491,0,0,1749,3863,8
2492,0,0,1749,8433,8
2493,0,0,1751,12721,8
2494,0,0,1751,89,8
2495,0,0,1751,4201,8
2496,0,0,1751,2747,8
2497,0,0,1751,19822,8
2498,0,0,1751,16155,8
2499,0,0,1751,14640,8
2500,1,1,1751,20117,8
2501,0,0,1751,6699,8
2502,0,0,1751,8733,8
2503,0,0,1753,17102,8
2504,1,1,1753,16220,8
2505,0,0,1753,16822,8
2506,0,0,1753,16226,8
2507,0,0,1753,18340,8
2508,0,0,1753,18203,8
2509,0,0,1753,17717,8
2510,0,0,1753,20672,8
2511,0,0,1753,16823,8
2512,0,0,1753,17098,8
2513,0,0,1766,8746,8
2514,0,0,1766,4204,8
2515,1,1,1766,5888,8
2516,0,0,1766,4684,8
2517,0,0,1766,14609,8
2518,0,0,1766,12216,8
2519,0,0,1766,10233,8
2520,0,0,1766,19279,8
2521,0,0,1766,6185,8
2522,0,0,1766,7852,8
2523,0,0,1769,10217,8
2524,0,0,1769,2244,8
2525,0,1,1769,5882,8
2526,0,0,1769,5643,8
2527,0,0,1769,17884,8
2528,0,0,1769,14158,8
2529,0,0,1769,10663,8
2530,0,0,1769,20111,8
2531,0,0,1769,7638,8
2532,0,0,1769,8694,8
2533,0,0,1786,10012,8
2534,0,0,1786,2223,8
2535,0,0,1786,12623,8
2536,0,0,1790,6019,8
2537,0,0,1790,2575,8
2538,0,0,1790,2259,8
2539,1,1,1790,19800,8
2540,0,0,1790,20837,8
2541,0,0,1792,8495,8
2542,0,0,1792,538,8
2543,0,0,1792,6445,8
2544,0,0,1792,6443,8
2545,0,0,1792,10467,8
2546,0,0,1792,10466,8
2547,0,0,1792,9960,8
2548,0,0,1792,19500,8
2549,0,0,1792,7946,8
2550,1,1,1792,8494,8
2551,0,0,1800,18223,8
2552,0,1,1800,255,8
2553,0,0,1800,16367,8
2554,0,0,1800,2969,8
2555,0,0,1800,19524,8
2556,0,0,1800,18534,8
2557,0,0,1800,18532,8
2558,0,0,1800,20505,8
2559,0,0,1800,16411,8
2560,0,0,1800,16675,8
2561,0,0,1802,13026,8
2562,0,0,1802,4948,8
2563,0,0,1802,8680,8
2564,0,0,1802,6991,8
2565,0,0,1802,15678,8
2566,0,1,1802,14924,8
2567,0,0,1802,13027,8
2568,0,0,1802,19592,8
2569,0,0,1802,9016,8
2570,0,0,1802,9095,8
2571,0,0,1808,11862,8
2572,0,0,1808,2908,8
2573,0,0,1808,4116,8
2574,0,0,1808,4115,8
2575,0,0,1808,19188,8
2576,0,0,1808,13716,8
2577,0,0,1808,20300,8
2578,0,0,1808,5829,8
2579,0,0,1808,10044,8
2580,0,0,1821,10712,8
2581,0,0,1821,776,8
2582,0,0,1821,8744,8
2583,0,0,1821,1024,8
2584,0,0,1821,18706,8
2585,0,0,1821,13187,8
2586,0,0,1821,10713,8
2587,0,0,1821,19376,8
2588,0,0,1821,8745,8
2589,1,1,1821,10711,8
2590,0,0,1829,11267,8
2591,0,0,1829,1305,8
2592,0,0,1829,5493,8
2593,0,0,1829,2455,8
2594,0,0,1829,15252,8
2595,0,0,1829,14008,8
2596,0,0,1829,11521,8
2597,1,1,1829,19353,8
2598,0,0,1829,6026,8
2599,0,0,1829,9286,8
2600,0,0,1846,7043,8
2601,0,0,1846,632,8
2602,0,0,1846,5434,8
2603,0,0,1846,4530,8
2604,1,1,1846,15547,8
2605,0,0,1846,14504,8
2606,0,0,1846,10544,8
2607,0,0,1846,18314,8
2608,0,0,1846,6082,8
2609,0,0,1846,6545,8
2610,0,0,1860,13393,8
2611,0,0,1860,2959,8
2612,1,1,1860,5560,8
2613,0,0,1860,3973,8
2614,0,0,1860,18643,8
2615,0,0,1860,18620,8
2616,0,0,1860,15507,8
2617,0,0,1860,18840,8
2618,0,0,1860,7664,8
2619,0,0,1860,13088,8
2620,0,0,1863,14724,8
2621,0,0,1863,6770,8
2622,0,0,1863,8814,8
2623,0,0,1863,6774,8
2624,1,1,1863,21325,8
2625,0,0,1863,14727,8
2626,0,0,1863,14726,8
2627,0,0,1863,21939,8
2628,0,0,1863,12818,8
2629,0,0,1863,12822,8
2630,1,1,1866,14359,8
2631,0,0,1866,1636,8
2632,0,0,1866,3606,8
2633,0,0,1866,3598,8
2634,0,0,1866,21585,8
2635,0,0,1866,19654,8
2636,0,0,1866,15869,8
2637,0,0,1866,21889,8
2638,0,0,1866,9388,8
2639,0,0,1866,11611,8
2640,1,1,1874,14194,8
2641,0,0,1874,5178,8
2642,0,0,1874,392,8
2643,0,0,1874,12705,8
2644,0,0,1875,7384,8
2645,0,0,1875,34,8
2646,0,0,1875,1398,8
2647,0,0,1875,168,8
2648,0,0,1875,13348,8
2649,0,0,1875,12434,8
2650,1,1,1875,9386,8
2651,0,0,1875,21609,8
2652,0,0,1875,3369,8
2653,0,0,1875,4141,8
2654,0,0,1882,10821,8
2655,0,0,1882,3410,8
2656,0,0,1882,6487,8
2657,0,0,1882,5842,8
2658,0,0,1882,12813,8
2659,0,0,1882,11436,8
2660,1,1,1882,10854,8
2661,0,0,1882,18643,8
2662,0,0,1882,6500,8
2663,0,0,1882,7904,8
2664,0,0,1883,10826,8
2665,1,1,1883,19123,8
2666,0,0,1883,10885,8
2667,0,0,1883,1898,8
2668,0,0,1883,13170,8
2669,0,0,1883,13887,8
2670,0,0,1883,19327,8
2671,0,1,1884,17578,8
2672,0,0,1884,12112,8
2673,0,0,1884,16519,8
2674,0,0,1884,16001,8
2675,0,0,1884,20848,8
2676,0,0,1884,18582,8
2677,0,0,1884,18179,8
2678,0,0,1884,20902,8
2679,0,0,1884,16735,8
2680,0,0,1884,16980,8
2681,1,1,1891,15304,8
2682,0,0,1891,3329,8
2683,0,0,1891,12321,8
2684,0,0,1891,11780,8
2685,0,0,1891,19494,8
2686,0,0,1891,15903,8
2687,0,0,1891,21073,8
2688,0,0,1891,13639,8
2689,0,0,1891,14540,8
2690,0,0,1893,12665,8
2691,0,0,1893,1158,8
2692,0,0,1893,7127,8
2693,0,0,1893,4600,8
2694,0,0,1893,13149,8
2695,0,0,1893,13148,8
2696,0,0,1893,13147,8
2697,0,0,1893,13849,8
2698,0,0,1893,9134,8
2699,1,1,1893,11120,8
2700,0,0,1899,18663,8
2701,0,0,1899,93,8
2702,0,0,1899,6192,8
2703,1,1,1899,5458,8
2704,0,0,1899,21611,8
2705,0,0,1899,20831,8
2706,0,0,1899,20764,8
2707,0,0,1899,22053,8
2708,0,0,1899,8245,8
2709,0,0,1899,14177,8
2710,0,0,1901,9902,8
2711,0,0,1901,973,8
2712,0,0,1901,3823,8
2713,0,0,1901,3662,8
2714,0,0,1901,14840,8
2715,0,0,1901,10883,8
2716,1,1,1901,10882,8
2717,0,0,1901,20442,8
2718,0,0,1901,7859,8
2719,0,0,1901,8929,8
2720,0,0,1905,11800,8
2721,0,0,1905,1833,8
2722,0,1,1905,7800,8
2723,0,0,1905,5775,8
2724,0,0,1905,14144,8
2725,0,0,1905,14143,8
2726,0,0,1905,11801,8
2727,0,0,1905,21501,8
2728,0,0,1905,8191,8
2729,0,0,1905,9841,8
2730,1,1,1907,10481,8
2731,0,0,1907,550,8
2732,0,0,1907,4422,8
2733,0,0,1907,2522,8
2734,0,0,1907,14428,8
2735,0,0,1907,14421,8
2736,0,0,1907,12500,8
2737,0,0,1907,14431,8
2738,0,0,1907,8524,8
2739,0,0,1907,10475,8
2740,0,0,1908,9682,8
2741,0,0,1908,2244,8
2742,0,0,1908,5643,8
2743,0,0,1908,4634,8
2744,0,0,1908,14158,8
2745,0,0,1908,12206,8
2746,0,0,1908,10663,8
2747,0,1,1908,20111,8
2748,0,0,1908,7638,8
2749,1,0,1908,8694,8
2750,0,0,1922,20313,8
2751,0,0,1922,17163,8
2752,0,0,1922,6273,8
2753,1,1,1922,20240,8
2754,0,0,1928,10796,8
2755,0,0,1928,2875,8
2756,0,0,1928,6807,8
2757,0,0,1928,6806,8
2758,1,1,1928,13789,8
2759,0,0,1928,10797,8
2760,0,0,1928,21128,8
2761,0,0,1928,9882,8
2762,0,0,1928,10795,8
2763,0,0,1930,11393,8
2764,0,0,1930,1434,8
2765,0,0,1930,5366,8
2766,0,0,1930,4197,8
2767,0,0,1930,15365,8
2768,0,0,1930,13378,8
2769,0,0,1930,13367,8
2770,1,1,1930,15375,8
2771,0,0,1930,7408,8
2772,0,0,1930,9421,8
2773,0,0,1931,5191,8
2774,0,0,1931,1255,8
2775,0,0,1931,1257,8
2776,0,0,1931,1256,8
2777,0,0,1931,15180,8
2778,1,1,1931,11214,8
2779,0,0,1931,11213,8
2780,0,0,1931,19619,8
2781,0,0,1931,1258,8
2782,0,0,1931,3234,8
2783,0,0,1938,12904,8
2784,0,0,1938,943,8
2785,0,0,1938,8901,8
2786,0,0,1938,4838,8
2787,0,0,1938,19841,8
2788,1,1,1938,19138,8
2789,0,0,1938,12905,8
2790,0,0,1938,20726,8
2791,0,0,1938,10856,8
2792,0,0,1938,10857,8
2793,1,1,1943,15780,8
2794,0,0,1943,902,8
2795,0,0,1943,7842,8
2796,0,0,1943,7841,8
2797,0,0,1943,20859,8
2798,0,0,1943,19693,8
2799,0,0,1943,15781,8
2800,0,0,1943,21633,8
2801,0,0,1943,9888,8
2802,0,0,1943,11841,8
2803,0,0,1944,8802,8
2804,1,1,1944,828,8
2805,0,0,1944,6760,8
2806,0,0,1944,831,8
2807,0,0,1944,10761,8
2808,0,0,1944,8806,8
2809,0,0,1944,8803,8
2810,0,0,1944,10762,8
2811,0,0,1944,6763,8
2812,0,0,1944,8801,8
2813,0,0,1948,3742,8
2814,0,0,1948,16125,8
2815,0,0,1948,5723,8
2816,0,0,1948,1739,8
2817,0,0,1948,14467,8
2818,0,0,1948,14908,8
2819,0,0,1948,21712,8
2820,0,0,1952,7747,8
2821,1,1,1952,1769,8
2822,0,0,1952,1771,8
2823,0,0,1952,1770,8
2824,0,0,1952,10193,8
2825,0,0,1952,9775,8
2826,0,0,1952,7748,8
2827,0,0,1952,15688,8
2828,0,0,1952,5708,8
2829,0,0,1952,6139,8
2830,0,0,1961,7570,8
2831,0,0,1961,431,8
2832,0,0,1961,3977,8
2833,0,0,1961,2938,8
2834,0,0,1961,12342,8
2835,0,0,1961,10346,8
2836,0,0,1961,8373,8
2837,0,0,1961,13958,8
2838,0,0,1961,4303,8
2839,0,0,1961,5975,8
2840,0,0,1962,14047,8
2841,0,0,1962,5414,8
2842,0,0,1962,9467,8
2843,0,0,1962,5415,8
2844,0,0,1962,20791,8
2845,0,0,1962,16043,8
2846,0,0,1962,14051,8
2847,0,0,1962,21893,8
2848,0,0,1962,9469,8
2849,0,0,1962,13416,8
2850,0,0,1966,6582,8
2851,0,0,1966,655,8
2852,0,0,1966,657,8
2853,1,1,1966,656,8
2854,0,0,1966,14541,8
2855,0,0,1966,10568,8
2856,0,0,1966,10566,8
2857,0,0,1966,21801,8
2858,0,0,1966,659,8
2859,0,0,1966,6580,8
2860,0,0,1975,14128,8
2861,0,0,1975,2213,8
2862,0,0,1975,8179,8
2863,0,0,1975,6140,8
2864,0,0,1975,20304,8
2865,0,0,1975,16120,8
2866,0,0,1975,14129,8
2867,0,0,1975,20586,8
2868,1,1,1975,8180,8
2869,0,0,1975,11745,8
2870,0,0,1976,8100,8
2871,0,0,1976,1862,8
2872,0,0,1976,4085,8
2873,0,0,1976,2105,8
2874,0,0,1976,16033,8
2875,0,0,1976,15226,8
2876,1,1,1976,12093,8
2877,0,0,1976,19728,8
2878,0,0,1976,6070,8
2879,0,0,1976,6071,8
2880,0,0,1984,7086,8
2881,0,0,1984,479,8
2882,0,0,1984,1119,8
2883,0,0,1984,1117,8
2884,0,0,1984,11078,8
2885,0,0,1984,9928,8
2886,0,0,1984,9100,8
2887,0,0,1984,15037,8
2888,1,1,1984,1120,8
2889,0,0,1984,5073,8
2890,0,0,1992,7246,8
2891,0,0,1992,156,8
2892,0,0,1992,1272,8
2893,0,0,1992,1271,8
2894,0,0,1992,16450,8
2895,0,0,1992,15203,8
2896,0,0,1992,9235,8
2897,0,0,1992,20486,8
2898,1,1,1992,1274,8
2899,0,0,1992,7245,8
2900,0,0,1993,12802,8
2901,0,0,1993,2257,8
2902,0,0,1993,8239,8
2903,0,0,1993,4735,8
2904,0,0,1993,20998,8
2905,0,0,1993,20643,8
2906,0,0,1993,12803,8
2907,0,0,1993,21695,8
2908,0,0,1993,8793,8
2909,0,0,1993,10756,8
2910,0,0,1997,12450,8
2911,0,0,1997,2480,8
2912,0,0,1997,6406,8
2913,0,0,1997,3365,8
2914,0,0,1997,20643,8
2915,0,0,1997,12949,8
2916,1,1,1997,12451,8
2917,0,0,1997,21721,8
2918,0,0,1997,6408,8
2919,0,0,1997,11195,8
2920,0,0,2006,10568,8
2921,0,0,2006,652,8
2922,0,0,2006,6582,8
2923,0,0,2006,656,8
2924,1,1,2006,13921,8
2925,0,0,2006,11702,8
2926,0,0,2006,10644,8
2927,0,0,2006,21801,8
2928,0,0,2006,7708,8
2929,0,0,2006,10566,8
2930,0,0,2007,11100,8
2931,0,0,2007,144,8
2932,0,0,2007,7101,8
2933,0,0,2007,3152,8
2934,0,0,2007,20168,8
2935,0,0,2007,15053,8
2936,0,0,2007,15052,8
2937,1,1,2007,20461,8
2938,0,0,2007,7102,8
2939,0,0,2007,7103,8
2940,0,0,2008,9663,8
2941,0,0,2008,1663,8
2942,0,0,2008,3827,8
2943,0,0,2008,3630,8
2944,0,0,2008,11916,8
2945,0,0,2008,11644,8
2946,0,0,2008,11643,8
2947,0,0,2008,14092,8
2948,0,0,2008,5605,8
2949,0,0,2008,5607,8
2950,0,0,2029,6054,8
2951,0,0,2029,2604,8
2952,0,0,2029,4057,8
2953,0,0,2029,4056,8
2954,0,0,2029,16017,8
2955,1,1,2029,14035,8
2956,0,0,2029,10092,8
2957,0,0,2029,21156,8
2958,0,0,2029,4058,8
2959,0,0,2029,6052,8
2960,0,0,2033,8619,8
2961,0,0,2033,644,8
2962,0,0,2033,2622,8
2963,0,0,2033,645,8
2964,0,0,2033,20074,8
2965,0,0,2033,19398,8
2966,1,1,2033,18679,8
2967,0,0,2033,21927,8
2968,0,0,2033,4535,8
2969,0,0,2033,5935,8
2970,0,0,2039,9465,8
2971,0,0,2039,1470,8
2972,0,0,2039,1480,8
2973,0,0,2039,1476,8
2974,0,0,2039,15406,8
2975,0,0,2039,11441,8
2976,0,0,2039,11428,8
2977,0,0,2039,16769,8
2978,0,0,2039,5413,8
2979,1,1,2039,7443,8
2980,0,0,2052,17577,8
2981,0,0,2052,2300,8
2982,0,0,2052,3973,8
2983,0,0,2052,3825,8
2984,0,0,2052,18850,8
2985,0,0,2052,18840,8
2986,0,0,2052,18778,8
2987,0,0,2052,18863,8
2988,0,0,2052,4029,8
2989,1,1,2052,6286,8
2990,1,1,2054,7601,8
2991,0,0,2054,1514,8
2992,0,0,2054,3599,8
2993,0,0,2054,1633,8
2994,0,0,2054,19944,8
2995,0,0,2054,11613,8
2996,0,0,2054,8797,8
2997,0,0,2054,21858,8
2998,0,0,2054,3602,8
2999,0,0,2054,7600,8
3000,0,0,2061,12245,8
3001,0,1,2061,352,8
3002,0,0,2061,4225,8
3003,0,0,2061,3947,8
3004,0,0,2061,16591,8
3005,0,0,2061,15910,8
3006,0,0,2061,13932,8
3007,0,0,2061,22017,8
3008,0,0,2061,6207,8
3009,0,0,2061,10004,8
3010,0,0,2063,10593,8
3011,0,0,2063,2465,8
3012,0,0,2063,5068,8
3013,0,0,2063,3140,8
3014,0,0,2063,13152,8
3015,0,0,2063,12638,8
3016,0,0,2063,11075,8
3017,0,0,2063,19320,8
3018,1,1,2063,6308,8
3019,0,0,2063,7083,8
3020,0,0,2069,6006,8
3021,0,0,2069,1,8
3022,0,0,2069,3882,8
3023,0,0,2069,127,8
3024,0,1,2069,21448,8
3025,0,0,2069,10794,8
3026,0,0,2069,6796,8
3027,0,0,2069,21698,8
3028,0,0,2069,4780,8
3029,0,0,2069,5819,8
3030,0,0,2074,17158,8
3031,0,0,2074,394,8
3032,0,0,2074,16287,8
3033,0,0,2074,4267,8
3034,0,0,2074,18119,8
3035,0,1,2074,17803,8
3036,0,0,2074,17465,8
3037,0,0,2074,20383,8
3038,0,0,2074,16288,8
3039,0,0,2074,17058,8
3040,0,0,2084,10951,8
3041,0,0,2084,3830,8
3042,0,0,2084,6986,8
3043,0,0,2084,4970,8
3044,0,0,2084,12974,8
3045,0,0,2084,12266,8
3046,0,0,2084,19008,8
3047,1,1,2084,8987,8
3048,0,0,2084,9012,8
3049,1,1,2087,11143,8
3050,0,0,2087,364,8
3051,0,0,2087,3889,8
3052,0,0,2087,3183,8
3053,0,0,2087,19054,8
3054,0,0,2087,15104,8
3055,0,0,2087,15103,8
3056,0,0,2087,20180,8
3057,0,0,2087,5127,8
3058,0,0,2087,7163,8
3059,0,0,2099,9239,8
3060,0,0,2099,2673,8
3061,0,0,2099,9428,8
3062,1,1,2099,12941,8
3063,0,0,2099,20137,8
3064,0,0,2099,11075,8
3065,0,0,2099,11109,8
3066,0,0,2099,16326,8
3067,0,0,2101,7931,8
3068,0,0,2101,149,8
3069,0,0,2101,3885,8
3070,0,0,2101,1195,8
3071,0,0,2101,18760,8
3072,1,1,2101,15843,8
3073,0,0,2101,9945,8
3074,0,0,2101,20181,8
3075,0,0,2101,5137,8
3076,0,0,2101,5138,8
3077,0,0,2103,12923,8
3078,0,0,2103,964,8
3079,0,0,2103,2962,8
3080,0,0,2103,966,8
3081,0,0,2103,20143,8
3082,0,0,2103,14836,8
3083,0,0,2103,12924,8
3084,0,0,2103,21012,8
3085,0,1,2103,2963,8
3086,0,0,2103,6096,8
3087,0,0,2109,3424,8
3088,0,0,2109,3409,8
3089,0,0,2109,1420,8
3090,0,0,2109,4078,8
3091,0,0,2109,21985,8
3092,0,0,2111,8676,8
3093,0,0,2111,704,8
3094,0,0,2111,2704,8
3095,0,0,2111,2236,8
3096,0,0,2111,12674,8
3097,0,0,2111,10641,8
3098,0,0,2111,8681,8
3099,0,0,2111,16144,8
3100,0,0,2111,2711,8
3101,0,1,2111,3377,8
3102,0,0,2116,12600,8
3103,0,0,2116,9988,8
3104,0,0,2116,11953,8
3105,0,0,2116,11952,8
3106,0,1,2116,14495,8
3107,0,0,2116,13911,8
3108,0,0,2116,13910,8
3109,0,0,2116,17643,8
3110,0,0,2116,11954,8
3111,0,0,2116,12589,8
3112,0,0,2118,10371,8
3113,0,0,2118,477,8
3114,0,0,2118,2398,8
3115,0,0,2118,567,8
3116,1,1,2118,20621,8
3117,0,0,2118,19220,8
3118,0,0,2118,14307,8
3119,0,0,2118,20929,8
3120,0,0,2118,5344,8
3121,0,0,2118,10370,8
3122,0,0,2123,7089,8
3123,1,1,2123,1794,8
3124,0,0,2123,3755,8
3125,0,0,2123,1795,8
3126,0,0,2123,9800,8
3127,0,0,2123,9799,8
3128,0,0,2123,7771,8
3129,0,0,2123,19966,8
3130,0,0,2123,3756,8
3131,0,0,2123,5740,8
3132,0,0,2126,13664,8
3133,1,0,2126,2139,8
3134,0,0,2126,7015,8
3135,0,0,2126,5674,8
3136,0,0,2126,19124,8
3137,0,0,2126,17202,8
3138,0,0,2126,15649,8
3139,0,0,2126,21494,8
3140,0,0,2126,7704,8
3141,0,0,2126,9719,8
3142,0,0,2139,4270,8
3143,1,1,2139,101,8
3144,0,0,2139,5957,8
3145,0,0,2139,13830,8
3146,0,0,2139,22007,8
3147,0,0,2139,6232,8
3148,0,0,2139,11639,8
3149,0,0,2139,18008,8
3150,0,0,2140,10164,8
3151,0,0,2140,1122,8
3152,1,1,2140,6965,8
3153,0,0,2140,4943,8
3154,0,0,2140,14906,8
3155,0,0,2140,14904,8
3156,0,0,2140,20213,8
3157,0,0,2140,7868,8
3158,0,0,2140,8981,8
3159,0,0,2146,8541,8
3160,0,0,2146,4430,8
3161,0,0,2146,6471,8
3162,1,1,2146,6470,8
3163,0,0,2146,14435,8
3164,0,0,2146,12517,8
3165,0,0,2146,10488,8
3166,0,0,2146,14440,8
3167,0,0,2146,8537,8
3168,0,0,2146,8540,8
3169,0,0,2158,8994,8
3170,0,0,2158,1031,8
3171,0,0,2158,1900,8
3172,0,0,2158,1895,8
3173,0,0,2158,19690,8
3174,0,0,2158,9027,8
3175,1,1,2158,9026,8
3176,0,0,2158,21024,8
3177,0,0,2158,4988,8
3178,0,0,2158,7876,8
3179,0,0,2159,16653,8
3180,0,0,2159,53,8
3181,0,0,2159,7166,8
3182,0,0,2159,4164,8
3183,0,0,2159,18894,8
3184,0,0,2159,17900,8
3185,0,1,2159,17899,8
3186,0,0,2159,20549,8
3187,0,0,2159,7744,8
3188,0,0,2159,11743,8
3189,0,0,2184,8166,8
3190,0,0,2184,1714,8
3191,0,0,2184,5664,8
3192,0,0,2184,2196,8
3193,0,0,2184,13653,8
3194,0,0,2184,13652,8
3195,1,1,2184,11689,8
3196,0,0,2184,15632,8
3197,0,0,2184,7678,8
3198,0,0,2184,7679,8
3199,0,0,2185,13413,8
3200,0,0,2185,2111,8
3201,0,0,2185,7435,8
3202,0,0,2185,6075,8
3203,0,0,2185,16040,8
3204,0,0,2185,15407,8
3205,0,0,2185,14048,8
3206,0,0,2185,16043,8
3207,0,0,2185,12098,8
3208,0,0,2185,12464,8
3209,0,0,2189,12823,8
3210,0,0,2189,4757,8
3211,0,0,2189,5800,8
3212,0,0,2189,4812,8
3213,0,0,2189,19836,8
3214,0,0,2189,14723,8
3215,0,0,2189,12877,8
3216,0,0,2189,20128,8
3217,0,0,2189,10817,8
3218,0,0,2189,11592,8
3219,0,0,2191,13088,8
3220,0,0,2191,2269,8
3221,0,0,2191,8795,8
3222,0,0,2191,4029,8
3223,0,0,2191,16184,8
3224,1,1,2191,16173,8
3225,0,0,2191,15247,8
3226,0,0,2191,18617,8
3227,0,0,2191,10473,8
3228,0,0,2191,10822,8
3229,0,0,2200,16196,8
3230,0,0,2200,3162,8
3231,0,0,2200,9952,8
3232,0,0,2200,6506,8
3233,0,0,2200,18605,8
3234,0,0,2200,17201,8
3235,0,0,2200,19317,8
3236,0,0,2200,13135,8
3237,0,0,2200,13713,8
3238,0,0,2206,11959,8
3239,0,0,2206,1979,8
3240,0,0,2206,3938,8
3241,0,0,2206,3936,8
3242,0,0,2206,14502,8
3243,0,0,2206,11961,8
3244,0,0,2206,11960,8
3245,0,0,2206,14524,8
3246,0,0,2206,3939,8
3247,0,0,2206,4514,8
3248,0,0,2210,17450,8
3249,1,1,2210,16560,8
3250,0,0,2210,16792,8
3251,0,0,2210,16756,8
3252,0,0,2210,18401,8
3253,0,0,2210,17996,8
3254,0,0,2210,17785,8
3255,0,0,2210,19538,8
3256,0,0,2210,16870,8
3257,0,0,2210,17449,8
3258,0,0,2211,12696,8
3259,0,0,2211,737,8
3260,1,1,2211,4646,8
3261,0,0,2211,1339,8
3262,0,0,2211,20417,8
3263,0,0,2211,14617,8
3264,0,0,2211,14615,8
3265,0,0,2211,20427,8
3266,0,0,2211,10669,8
3267,0,0,2211,10670,8
3268,0,0,2217,19209,8
3269,0,0,2217,333,8
3270,0,0,2217,11965,8
3271,0,0,2217,8263,8
3272,0,0,2217,20571,8
3273,0,0,2217,20384,8
3274,1,0,2217,19467,8
3275,0,0,2217,21532,8
3276,0,0,2217,13929,8
3277,0,0,2217,14180,8
3278,1,1,2221,11340,8
3279,0,0,2221,7100,8
3280,0,0,2221,11096,8
3281,0,0,2221,9112,8
3282,0,0,2221,13126,8
3283,0,0,2221,13125,8
3284,0,0,2221,13124,8
3285,0,0,2221,13130,8
3286,0,0,2221,11097,8
3287,0,0,2221,11098,8
3288,0,0,2224,4733,8
3289,0,0,2224,2821,8
3290,0,0,2224,6742,8
3291,1,1,2224,14686,8
3292,0,0,2224,14701,8
3293,0,0,2224,6745,8
3294,0,0,2224,10744,8
3295,0,0,2224,14691,8
3296,0,0,2237,13291,8
3297,0,0,2237,32,8
3298,0,0,2237,7309,8
3299,1,1,2237,1696,8
3300,0,0,2237,19909,8
3301,0,0,2237,19079,8
3302,0,0,2237,15276,8
3303,0,0,2237,21187,8
3304,0,0,2237,9300,8
3305,0,0,2237,11284,8
3306,0,0,2244,10512,8
3307,1,1,2244,594,8
3308,0,0,2244,4465,8
3309,0,0,2244,2557,8
3310,0,0,2244,12558,8
3311,0,0,2244,12557,8
3312,0,0,2244,11676,8
3313,0,0,2244,18611,8
3314,0,0,2244,6510,8
3315,0,0,2244,8573,8
3316,0,0,2248,10345,8
3317,0,0,2248,4299,8
3318,0,0,2248,6300,8
3319,0,0,2248,4300,8
3320,0,0,2248,14284,8
3321,0,0,2248,14283,8
3322,0,0,2248,12338,8
3323,0,0,2248,20928,8
3324,0,0,2248,6301,8
3325,1,1,2248,8368,8
3326,0,0,2254,8258,8
3327,1,1,2254,345,8
3328,0,0,2254,6202,8
3329,0,0,2254,2275,8
3330,0,0,2254,12236,8
3331,0,0,2254,10245,8
3332,0,0,2254,8259,8
3333,0,0,2254,14185,8
3334,0,0,2254,8256,8
3335,0,0,2254,8257,8
3336,0,0,2257,20424,8
3337,0,1,2257,8356,8
3338,0,0,2257,2755,8
3339,0,0,2257,21090,8
3340,0,0,2257,21267,8
3341,0,0,2260,9793,8
3342,0,0,2260,2211,8
3343,0,0,2260,5734,8
3344,0,0,2260,5733,8
3345,0,0,2260,20247,8
3346,0,0,2260,15063,8
3347,0,0,2260,11771,8
3348,0,0,2260,21109,8
3349,0,0,2260,7766,8
3350,0,0,2260,7768,8
3351,0,0,2264,14656,8
3352,0,0,2264,6717,8
3353,0,0,2264,8750,8
3354,0,0,2264,8385,8
3355,0,0,2264,19563,8
3356,1,1,2264,19007,8
3357,0,0,2264,15192,8
3358,0,0,2264,19564,8
3359,0,0,2264,10716,8
3360,0,0,2264,14655,8
3361,0,0,2267,8540,8
3362,1,1,2267,2527,8
3363,0,0,2267,8533,8
3364,0,0,2267,4430,8
3365,0,0,2267,14435,8
3366,0,0,2267,12517,8
3367,0,0,2267,8541,8
3368,0,0,2267,14440,8
3369,0,0,2267,8534,8
3370,0,0,2267,8537,8
3371,0,0,2273,13291,8
3372,0,0,2273,1691,8
3373,1,1,2273,5255,8
3374,0,0,2273,3310,8
3375,0,0,2273,19079,8
3376,0,0,2273,15276,8
3377,0,0,2273,15273,8
3378,0,0,2273,21187,8
3379,0,0,2273,7309,8
3380,0,0,2273,7314,8
3381,1,1,2293,6548,8
3382,0,0,2293,631,8
3383,0,0,2293,635,8
3384,0,0,2293,633,8
3385,0,0,2293,12605,8
3386,0,0,2293,10546,8
3387,0,0,2293,8611,8
3388,0,0,2293,14506,8
3389,0,0,2293,4520,8
3390,0,0,2293,6547,8
3391,0,0,2295,9869,8
3392,0,0,2295,824,8
3393,0,0,2295,5799,8
3394,0,0,2295,2839,8
3395,0,0,2295,20963,8
3396,0,0,2295,19016,8
3397,0,0,2295,18154,8
3398,1,1,2295,21434,8
3399,0,0,2295,7233,8
3400,0,0,2295,8810,8
3401,0,0,2297,8781,8
3402,0,0,2297,2811,8
3403,0,0,2297,4739,8
3404,0,0,2297,4730,8
3405,0,0,2297,14682,8
3406,1,1,2297,10869,8
3407,0,0,2297,10750,8
3408,0,0,2297,21933,8
3409,0,0,2297,6746,8
3410,0,0,2297,8779,8
3411,0,0,2317,6736,8
3412,0,0,2317,2800,8
3413,0,0,2317,2804,8
3414,0,0,2317,2802,8
3415,0,0,2317,12778,8
3416,0,0,2317,12770,8
3417,0,0,2317,8767,8
3418,1,1,2317,15825,8
3419,0,0,2317,4713,8
3420,0,0,2317,4718,8
3421,0,0,2318,14722,8
3422,0,0,2318,4756,8
3423,0,0,2318,4759,8
3424,0,0,2318,4757,8
3425,0,0,2318,19836,8
3426,0,0,2318,19152,8
3427,0,0,2318,14723,8
3428,0,0,2318,20128,8
3429,0,0,2318,5800,8
3430,0,0,2318,12823,8
3431,0,0,2328,13240,8
3432,0,0,2328,1607,8
3433,0,0,2328,3995,8
3434,0,0,2328,3254,8
3435,0,1,2328,16352,8
3436,0,0,2328,15191,8
3437,1,0,2328,13241,8
3438,0,0,2328,17215,8
3439,0,0,2328,7232,8
3440,0,0,2328,11450,8
3441,0,0,2333,4459,8
3442,0,0,2333,581,8
3443,0,0,2333,4454,8
3444,0,0,2333,582,8
3445,0,0,2333,12536,8
3446,0,0,2333,10505,8
3447,0,0,2333,9975,8
3448,0,0,2333,21396,8
3449,0,0,2333,4455,8
3450,0,0,2333,4458,8
3451,0,0,2335,9444,8
3452,0,0,2335,21607,8
3453,0,0,2335,9809,8
3454,1,1,2335,8279,8
3455,0,0,2335,13730,8
3456,0,0,2335,19186,8
3457,0,0,2351,5364,8
3458,0,0,2351,1427,8
3459,0,0,2351,3421,8
3460,0,0,2351,3414,8
3461,0,0,2351,9438,8
3462,0,0,2351,9177,8
3463,0,0,2351,7406,8
3464,0,0,2351,20785,8
3465,0,0,2351,4075,8
3466,0,0,2351,5319,8
3467,0,0,2356,12072,8
3468,0,0,2356,1568,8
3469,0,0,2356,5524,8
3470,0,0,2356,3543,8
3471,0,0,2356,15488,8
3472,0,0,2356,13519,8
3473,0,0,2356,13130,8
3474,0,0,2356,19383,8
3475,1,1,2356,5527,8
3476,0,0,2356,11550,8
3477,1,1,2371,10923,8
3478,0,0,2371,1004,8
3479,0,0,2371,6952,8
3480,0,0,2371,6949,8
3481,0,0,2371,14887,8
3482,0,0,2371,12982,8
3483,0,0,2371,12980,8
3484,0,0,2371,18730,8
3485,0,0,2371,8969,8
3486,0,0,2371,8970,8
3487,0,0,2387,13652,8
3488,0,0,2387,3689,8
3489,0,0,2387,7002,8
3490,0,0,2387,5664,8
3491,1,1,2387,20821,8
3492,0,0,2387,15632,8
3493,0,0,2387,13653,8
3494,0,0,2387,21095,8
3495,0,0,2387,7676,8
3496,0,0,2387,9709,8
3497,0,0,2392,13910,8
3498,0,0,2392,7971,8
3499,0,0,2392,9988,8
3500,0,0,2392,7972,8
3501,1,1,2392,15893,8
3502,0,0,2392,14495,8
3503,0,0,2392,13911,8
3504,0,0,2392,17643,8
3505,0,0,2392,11952,8
3506,0,0,2392,12600,8
3507,1,1,2394,13251,8
3508,0,0,2394,4019,8
3509,0,0,2394,7260,8
3510,0,0,2394,5215,8
3511,0,0,2394,13254,8
3512,0,0,2394,13253,8
3513,0,0,2394,13252,8
3514,0,0,2394,21057,8
3515,0,0,2394,7261,8
3516,0,0,2394,8992,8
3517,0,0,2395,12585,8
3518,0,0,2395,2582,8
3519,0,0,2395,2584,8
3520,0,0,2395,2583,8
3521,0,0,2395,14483,8
3522,0,0,2395,13908,8
3523,0,0,2395,12586,8
3524,0,0,2395,20373,8
3525,0,0,2395,6533,8
3526,0,0,2395,8596,8
3527,0,0,2403,8454,8
3528,0,0,2403,143,8
3529,0,0,2403,2463,8
3530,0,0,2403,1446,8
3531,0,0,2403,20934,8
3532,0,0,2403,20166,8
3533,0,0,2403,12437,8
3534,0,0,2403,21037,8
3535,0,0,2403,2468,8
3536,0,0,2403,2469,8
3537,0,0,2418,9708,8
3538,0,0,2418,1714,8
3539,0,0,2418,7678,8
3540,0,0,2418,3689,8
3541,0,0,2418,15632,8
3542,0,0,2418,13653,8
3543,0,0,2418,11689,8
3544,0,0,2418,20821,8
3545,0,1,2418,7679,8
3546,0,0,2418,8166,8
3547,0,0,2422,5191,8
3548,0,0,2422,87,8
3549,0,0,2422,1256,8
3550,0,0,2422,1255,8
3551,0,0,2422,13230,8
3552,0,0,2422,11213,8
3553,1,1,2422,8663,8
3554,0,0,2422,15181,8
3555,0,0,2422,1257,8
3556,0,0,2422,2698,8
3557,0,0,2424,11723,8
3558,0,0,2424,1751,8
3559,0,0,2424,3505,8
3560,0,0,2424,2060,8
3561,0,0,2424,15664,8
3562,0,0,2424,15449,8
3563,0,0,2424,15448,8
3564,0,0,2424,21496,8
3565,0,0,2424,6015,8
3566,0,0,2424,9516,8
3567,0,0,2425,17663,8
3568,0,0,2425,16464,8
3569,0,0,2425,3159,8
3570,0,0,2425,17574,8
3571,0,0,2435,10675,8
3572,0,0,2435,3049,8
3573,0,0,2435,6674,8
3574,0,0,2435,4483,8
3575,0,0,2435,14161,8
3576,0,0,2435,12701,8
3577,0,0,2435,12207,8
3578,1,1,2435,20419,8
3579,0,0,2435,7809,8
3580,0,0,2435,8589,8
3581,0,0,2452,11559,8
3582,0,0,2452,2138,8
3583,0,0,2452,6013,8
3584,0,0,2452,3542,8
3585,0,0,2452,16070,8
3586,0,0,2452,12885,8
3587,0,0,2452,12120,8
3588,0,0,2452,21163,8
3589,0,0,2452,10415,8
3590,0,0,2452,11545,8
3591,0,0,2471,12781,8
3592,0,0,2471,805,8
3593,0,0,2471,2819,8
3594,0,0,2471,806,8
3595,0,0,2471,20121,8
3596,1,1,2471,19283,8
3597,0,0,2471,17561,8
3598,0,0,2471,21693,8
3599,0,0,2471,4728,8
3600,0,0,2471,6740,8
3601,0,0,2474,10485,8
3602,0,0,2474,2526,8
3603,0,0,2474,4429,8
3604,0,0,2474,2532,8
3605,0,0,2474,14435,8
3606,0,0,2474,12520,8
3607,0,0,2474,12517,8
3608,1,1,2474,14437,8
3609,0,0,2474,8536,8
3610,0,0,2474,8540,8
3611,0,0,2476,12982,8
3612,0,0,2476,1006,8
3613,0,0,2476,6952,8
3614,0,0,2476,6950,8
3615,0,0,2476,18730,8
3616,0,0,2476,14884,8
3617,0,0,2476,14883,8
3618,0,0,2476,20149,8
3619,1,1,2476,6955,8
3620,0,0,2476,10924,8
3621,0,0,2478,8746,8
3622,0,0,2478,4204,8
3623,0,0,2478,5888,8
3624,0,0,2478,4684,8
3625,0,1,2478,16862,8
3626,0,0,2478,10233,8
3627,0,0,2478,10147,8
3628,0,0,2478,20489,8
3629,0,0,2478,6185,8
3630,0,0,2478,6707,8
3631,0,0,2483,15781,8
3632,0,0,2483,7841,8
3633,0,0,2483,9888,8
3634,0,0,2483,7842,8
3635,0,0,2483,20859,8
3636,0,0,2483,19985,8
3637,0,0,2483,19693,8
3638,0,0,2483,21633,8
3639,0,1,2483,11841,8
3640,0,0,2483,15780,8
3641,0,0,2497,13578,8
3642,0,0,2497,5583,8
3643,0,0,2497,8548,8
3644,0,0,2497,7607,8
3645,0,0,2497,19387,8
3646,0,0,2497,15548,8
3647,0,0,2497,13579,8
3648,1,1,2497,19525,8
3649,0,0,2497,9692,8
3650,0,0,2497,11611,8
3651,0,0,2502,15392,8
3652,0,0,2502,2105,8
3653,0,0,2502,8046,8
3654,0,0,2502,6433,8
3655,0,0,2502,16033,8
3656,1,1,2502,16032,8
3657,0,0,2502,15393,8
3658,0,0,2502,16035,8
3659,0,0,2502,9955,8
3660,0,0,2502,14045,8
3661,0,0,2511,13771,8
3662,0,0,2511,61,8
3663,0,0,2511,8042,8
3664,0,0,2511,7834,8
3665,0,0,2511,20560,8
3666,0,0,2511,15762,8
3667,0,0,2511,14085,8
3668,1,1,2511,21503,8
3669,0,0,2511,11829,8
3670,0,0,2511,11830,8
3671,0,0,2513,8744,8
3672,0,0,2513,775,8
3673,0,0,2513,1024,8
3674,0,0,2513,776,8
3675,1,1,2513,20426,8
3676,0,0,2513,10902,8
3677,0,0,2513,10711,8
3678,0,0,2513,20501,8
3679,0,0,2513,4683,8
3680,0,0,2513,6706,8
3681,0,0,2524,14111,8
3682,0,0,2524,3584,8
3683,0,0,2524,7426,8
3684,0,0,2524,5569,8
3685,0,0,2524,21924,8
3686,0,0,2524,20321,8
3687,0,0,2524,22029,8
3688,0,0,2524,11944,8
3689,0,0,2524,13650,8
3690,1,1,2527,13282,8
3691,0,0,2527,1691,8
3692,0,0,2527,9300,8
3693,0,0,2527,7312,8
3694,0,0,2527,21062,8
3695,0,0,2527,19909,8
3696,0,0,2527,15276,8
3697,0,0,2527,21187,8
3698,0,0,2527,11279,8
3699,0,0,2527,11280,8
3700,0,0,2542,11146,8
3701,0,0,2542,5136,8
3702,0,1,2542,6690,8
3703,0,0,2542,5137,8
3704,0,0,2542,15119,8
3705,0,0,2542,15118,8
3706,0,0,2542,13176,8
3707,0,0,2542,15844,8
3708,0,0,2542,7169,8
3709,0,0,2542,9161,8
3710,0,0,2545,16614,8
3711,0,0,2545,15155,8
3712,0,0,2545,260,8
3713,0,0,2545,17382,8
3714,0,0,2545,18031,8
3715,0,0,2552,8306,8
3716,0,0,2552,376,8
3717,0,0,2552,2325,8
3718,0,0,2552,2320,8
3719,0,0,2552,15224,8
3720,0,0,2552,14222,8
3721,0,0,2552,10281,8
3722,0,0,2552,20326,8
3723,0,0,2552,2327,8
3724,0,0,2552,8291,8
